DATE,M_IN,D_EN,E_EN,H_EN,Ab_EN
2019-04-12,19.75,10.64,240.8,135.95,118.92
2019-04-15,23.65,10.92,250.0,136.75,118.02
2019-04-16,25.6,10.87,251.6,137.55,117.2
2019-04-18,26.15,10.83,251.45,135.35,117.32
2019-04-22,24.6,10.17,252.05,136.0,114.95
2019-04-23,23.25,10.22,255.5,133.65,113.15
2019-04-24,23.7,10.54,254.0,133.95,115.35
2019-04-25,23.5,10.14,251.65,132.9,114.37
2019-04-26,23.05,9.68,250.5,134.1,117.8
2019-04-30,22.05,8.98,252.15,134.05,118.65
2019-05-02,23.9,8.89,252.35,133.1,115.85
2019-05-03,23.15,8.77,252.1,135.45,115.15
2019-05-06,22.7,8.56,251.35,135.0,115.42
2019-05-07,22.8,8.3,248.8,134.1,113.58
2019-05-08,22.6,8.27,249.1,130.8,112.5
2019-05-09,22.8,8.19,242.3,127.7,113.47
2019-05-10,22.7,8.29,241.25,127.0,113.85
2019-05-13,22.0,7.69,242.1,123.55,110.68
2019-05-14,21.85,8.16,241.8,125.6,115.05
2019-05-15,21.85,7.73,235.1,123.95,110.58
2019-05-16,21.75,8.06,232.15,125.75,109.73
2019-05-17,22.1,8.13,236.15,125.5,111.02
2019-05-20,23.9,9.35,237.7,129.25,115.2
2019-05-21,23.35,9.2,237.2,128.6,112.9
2019-05-22,23.9,9.34,241.25,129.6,112.3
2019-05-23,23.75,9.33,244.15,129.85,112.65
2019-05-24,25.6,9.36,244.9,129.15,113.88
2019-05-27,27.8,9.82,244.1,133.2,116.12
2019-05-28,29.0,9.8,250.7,132.6,116.25
2019-05-29,28.75,9.67,250.7,130.9,117.92
2019-05-30,28.3,10.31,252.95,135.1,119.75
2019-05-31,27.0,10.07,253.5,133.25,120.33
2019-06-03,26.25,10.07,260.9,133.1,119.15
2019-06-04,27.65,10.06,263.4,135.05,119.42
2019-06-06,27.85,9.64,269.15,136.55,105.43
2019-06-07,27.45,9.47,265.55,135.15,104.62
2019-06-10,26.75,9.47,259.3,135.0,102.42
2019-06-11,26.15,9.65,258.75,135.3,102.02
2019-06-12,25.9,9.82,257.0,134.4,103.37
2019-06-13,25.9,9.67,255.6,134.9,102.7
2019-06-14,26.75,9.7,255.15,132.75,102.83
2019-06-17,26.9,9.35,255.3,132.25,101.98
2019-06-18,26.75,9.37,260.35,132.4,102.68
2019-06-19,26.05,9.34,257.05,134.65,102.58
2019-06-20,26.25,9.5,260.35,134.55,103.72
2019-06-21,26.4,9.58,254.25,134.55,103.87
2019-06-24,26.1,10.03,256.75,135.6,102.23
2019-06-25,26.15,10.11,258.35,138.45,103.23
2019-06-26,26.55,10.26,260.3,140.05,103.08
2019-06-27,27.65,10.3,259.4,140.15,102.22
2019-06-28,27.8,10.27,253.8,141.35,103.98
2019-07-01,27.8,12.06,249.25,142.55,104.23
2019-07-02,27.75,12.95,252.7,142.95,103.78
2019-07-03,28.55,13.15,250.95,143.25,101.75
2019-07-04,28.3,13.07,251.1,143.45,102.6
2019-07-05,27.0,12.73,241.9,136.5,102.13
2019-07-08,26.25,12.42,232.4,129.6,100.7
2019-07-09,26.65,13.43,229.6,129.55,98.07
2019-07-10,26.2,12.59,233.35,129.05,96.63
2019-07-11,26.35,12.54,234.9,128.95,98.3
2019-07-12,26.05,12.77,231.25,127.8,97.77
2019-07-15,25.6,12.54,230.4,127.95,97.0
2019-07-16,25.15,12.75,232.8,130.95,98.23
2019-07-17,25.25,12.68,230.0,129.1,95.6
2019-07-18,24.7,12.54,220.3,127.05,94.63
2019-07-19,24.1,12.19,221.9,129.9,91.73
2019-07-22,24.15,12.59,221.4,130.85,92.0
2019-07-23,23.75,12.62,218.05,133.05,92.4
2019-07-24,23.75,12.51,216.85,131.85,91.1
2019-07-25,24.0,12.42,209.05,129.75,89.83
2019-07-26,23.95,12.58,210.65,128.8,88.63
2019-07-29,23.7,12.32,205.4,127.3,87.6
2019-07-30,22.5,12.13,199.55,127.2,86.1
2019-07-31,23.4,12.2,204.45,126.55,85.9
2019-08-01,23.8,11.88,202.45,126.85,85.73
2019-08-02,23.9,12.29,197.2,123.1,85.1
2019-08-05,23.5,11.66,200.6,121.0,81.97
2019-08-06,23.85,11.91,205.1,123.35,82.23
2019-08-07,23.7,11.88,206.1,123.05,81.13
2019-08-08,24.35,12.0,211.85,124.65,81.3
2019-08-09,26.0,12.11,207.6,123.9,82.57
2019-08-13,24.7,11.7,203.75,117.15,84.0
2019-08-14,24.55,11.84,200.5,117.6,84.5
2019-08-16,24.6,11.87,201.95,117.8,86.43
2019-08-19,24.4,12.06,198.95,118.9,84.87
2019-08-20,24.3,11.81,195.3,117.95,84.9
2019-08-21,23.8,11.65,188.8,117.9,81.67
2019-08-22,23.0,11.38,180.85,114.75,80.43
2019-08-23,23.25,11.72,188.0,118.5,82.93
2019-08-26,24.2,11.83,188.75,120.05,84.27
2019-08-27,25.55,11.99,191.85,123.2,86.8
2019-08-28,25.15,11.85,185.05,119.9,85.37
2019-08-29,24.3,11.47,189.0,123.1,85.67
2019-08-30,24.7,11.68,184.75,121.65,86.53
2019-09-03,23.85,11.48,181.05,117.65,84.53
2019-09-04,24.1,11.33,182.15,119.45,84.87
2019-09-05,24.55,11.43,194.85,123.45,87.3
2019-09-06,24.4,11.67,198.6,127.0,87.57
2019-09-09,25.0,12.03,199.35,126.35,88.1
2019-09-11,24.85,12.75,196.7,124.5,85.63
2019-09-12,24.85,12.76,197.7,122.25,83.83
2019-09-13,24.7,12.92,198.2,124.05,86.17
2019-09-16,24.0,12.94,200.55,123.25,86.47
2019-09-17,23.85,12.76,197.6,120.9,87.93
2019-09-18,23.95,12.85,192.35,122.5,89.97
2019-09-19,23.5,12.38,193.45,121.7,88.7
2019-09-20,24.3,12.77,200.05,119.85,89.8
2019-09-23,25.6,13.18,202.7,116.05,94.2
2019-09-24,26.75,13.52,198.15,115.15,92.83
2019-09-25,25.5,13.69,192.6,116.9,90.97
2019-09-26,24.8,13.65,203.3,116.55,91.4
2019-09-27,25.25,13.4,199.35,117.05,89.43
2019-09-30,24.1,12.86,199.85,117.5,89.67
2019-10-01,23.8,12.35,194.1,117.05,88.6
2019-10-03,23.4,12.26,186.75,116.75,87.8
2019-10-04,23.0,12.02,185.8,117.4,88.1
2019-10-07,22.9,11.86,184.4,115.95,86.8
2019-10-09,22.95,12.15,185.35,117.25,88.07
2019-10-10,22.95,12.5,184.55,117.25,84.9
2019-10-11,25.75,12.49,189.05,116.7,83.3
2019-10-14,25.5,12.46,190.1,117.75,83.9
2019-10-15,24.2,12.38,191.15,119.4,85.4
2019-10-16,23.8,12.23,194.55,117.4,84.53
2019-10-17,23.45,12.45,199.4,118.7,85.83
2019-10-18,23.75,12.83,205.95,121.05,86.37
2019-10-22,24.05,12.65,208.8,120.9,86.33
2019-10-23,23.9,12.51,208.8,121.05,85.77
2019-10-24,23.6,12.69,205.2,120.2,82.57
2019-10-25,23.65,12.84,205.85,118.5,82.03
2019-10-27,24.0,12.9,202.85,118.8,82.43
2019-10-29,23.75,13.25,209.75,119.9,83.9
2019-10-30,23.85,13.21,206.25,120.95,89.07
2019-10-31,23.8,13.21,207.55,122.4,91.57
2019-11-01,25.45,13.58,207.1,121.5,90.1
2019-11-04,24.65,14.32,215.0,120.55,91.37
2019-11-05,24.0,13.98,211.15,120.6,91.6
2019-11-06,23.85,14.22,212.4,120.65,91.13
2019-11-07,23.95,14.11,212.5,119.55,88.07
2019-11-08,23.85,13.74,209.25,117.4,84.7
2019-11-11,23.95,13.46,209.85,118.25,86.9
2019-11-13,23.8,12.67,207.25,118.3,82.57
2019-11-14,24.05,12.36,202.35,118.55,81.2
2019-11-15,24.55,12.17,201.15,117.35,82.87
2019-11-18,24.45,11.97,200.3,117.45,83.2
2019-11-19,24.2,12.05,199.6,117.35,83.4
2019-11-20,24.15,12.07,203.05,117.05,83.0
2019-11-21,23.95,12.3,196.6,115.3,81.3
2019-11-22,23.95,12.1,199.0,117.8,81.57
2019-11-25,24.2,12.48,200.7,118.1,81.4
2019-11-26,24.65,12.37,197.75,116.65,83.33
2019-11-27,24.5,12.34,201.0,115.75,82.97
2019-11-28,24.15,12.31,205.85,115.55,83.87
2019-11-29,23.95,12.72,205.25,116.35,84.03
2019-12-02,23.85,12.46,205.85,115.3,84.4
2019-12-03,23.65,11.96,205.6,114.55,82.37
2019-12-04,23.7,12.36,202.75,114.8,82.17
2019-12-05,23.9,12.17,196.4,114.1,80.8
2019-12-06,23.65,11.96,192.0,112.65,78.1
2019-12-09,23.6,12.0,191.65,112.7,77.47
2019-12-10,23.1,11.83,187.2,110.0,74.03
2019-12-11,23.45,12.01,187.15,113.0,78.2
2019-12-12,23.35,12.08,190.15,114.45,79.3
2019-12-13,23.4,12.26,196.25,115.65,79.87
2019-12-16,23.25,12.2,192.6,114.95,80.8
2019-12-17,23.25,12.37,196.2,115.55,79.87
2019-12-18,23.2,12.25,197.75,114.15,78.23
2019-12-19,23.15,12.3,196.9,114.05,78.47
2019-12-20,22.85,12.38,200.8,114.7,79.7
2019-12-23,22.95,12.2,197.25,114.6,80.4
2019-12-24,22.95,12.14,198.95,115.2,79.83
2019-12-26,22.9,12.01,197.3,116.4,78.73
2019-12-27,22.8,12.05,203.5,116.85,79.03
2019-12-30,22.85,12.21,205.8,116.55,79.27
2019-12-31,22.95,12.36,211.35,119.05,80.7
2020-01-01,23.0,12.78,211.95,121.55,80.8
2020-01-02,23.75,12.89,211.1,121.4,82.37
2020-01-03,25.05,12.65,211.85,119.35,83.77
2020-01-06,23.85,12.02,205.7,118.9,82.9
2020-01-07,24.55,12.2,205.7,120.55,82.97
2020-01-08,25.2,11.97,200.2,119.95,82.6
2020-01-09,25.7,12.23,198.0,119.35,82.47
2020-01-10,25.15,12.24,205.3,120.3,83.57
2020-01-13,25.4,12.46,211.55,121.75,85.93
2020-01-14,25.2,12.49,212.95,123.5,86.7
2020-01-15,25.25,12.66,212.45,123.85,87.77
2020-01-16,25.55,12.99,210.25,121.45,85.83
2020-01-17,25.25,12.92,207.9,121.2,84.23
2020-01-20,25.05,12.67,201.15,118.25,85.2
2020-01-21,24.65,12.55,202.15,117.15,84.5
2020-01-22,24.85,12.5,191.9,112.15,83.93
2020-01-23,26.65,12.67,190.75,113.5,86.43
2020-01-24,26.35,12.71,193.95,114.75,86.33
2020-01-27,26.2,12.94,193.35,113.15,84.5
2020-01-28,27.1,12.76,189.15,112.05,84.1
2020-01-29,28.9,12.81,191.05,113.2,84.17
2020-01-30,27.55,12.54,187.95,113.65,82.23
2020-01-31,27.35,12.21,181.7,112.85,80.3
2020-02-01,24.9,11.97,173.5,109.3,78.47
2020-02-03,24.0,11.8,178.65,110.25,76.33
2020-02-04,24.6,12.09,182.5,112.0,79.27
2020-02-05,25.25,12.4,179.25,111.2,80.63
2020-02-06,25.2,12.16,179.95,112.0,82.47
2020-02-07,25.1,12.17,185.05,115.6,82.0
2020-02-10,24.7,11.98,178.85,113.5,81.2
2020-02-11,24.65,12.03,179.35,116.85,86.1
2020-02-12,23.9,12.09,180.3,116.8,86.9
2020-02-13,23.15,12.02,177.8,115.15,86.87
2020-02-14,22.95,11.92,174.75,112.7,81.7
2020-02-17,22.35,11.51,167.85,110.3,78.67
2020-02-18,22.5,11.35,171.85,109.6,79.63
2020-02-19,23.35,11.69,177.75,112.05,79.9
2020-02-20,23.6,11.53,179.35,111.35,79.53
2020-02-24,22.95,11.21,174.85,109.7,77.87
2020-02-25,22.6,11.21,175.1,110.1,76.0
2020-02-26,22.45,10.89,173.8,109.1,72.03
2020-02-27,21.95,10.56,174.1,109.05,71.57
2020-02-28,21.0,9.46,168.4,106.55,69.6
2020-03-02,20.25,9.41,169.35,103.9,66.43
2020-03-03,20.1,9.78,178.2,108.9,68.8
2020-03-04,19.95,9.53,178.1,107.95,70.7
2020-03-05,20.0,9.35,177.15,107.85,71.2
2020-03-06,18.95,8.82,168.75,105.15,71.87
2020-03-09,17.95,8.15,157.95,102.9,66.97
2020-03-11,17.9,8.24,168.0,103.05,60.33
2020-03-12,15.9,6.06,154.55,94.35,53.3
2020-03-13,17.0,6.19,154.1,98.05,56.37
2020-03-16,16.25,5.69,143.9,90.8,52.1
2020-03-17,15.95,5.37,145.9,88.1,49.77
2020-03-18,14.4,5.63,145.05,80.55,47.23
2020-03-19,13.9,5.4,123.55,78.35,46.27
2020-03-20,13.85,5.81,132.8,81.25,53.87
2020-03-23,11.1,5.13,127.85,76.4,52.0
2020-03-24,11.0,5.59,127.85,77.55,50.97
2020-03-25,11.65,5.71,124.5,79.7,50.37
2020-03-26,12.8,6.02,123.25,79.65,48.73
2020-03-27,12.75,5.52,131.7,83.0,46.33
2020-03-30,12.45,5.36,133.15,81.75,47.23
2020-03-31,12.8,5.55,140.05,84.2,51.03
2020-04-01,13.85,5.36,139.45,81.0,50.5
2020-04-03,15.2,5.35,137.75,79.55,53.93
2020-04-07,16.7,5.76,140.15,81.55,56.33
2020-04-08,17.5,5.79,137.35,85.2,57.03
2020-04-09,18.35,6.08,140.8,87.1,58.5
2020-04-13,17.55,5.93,145.9,88.65,57.37
2020-04-15,16.8,5.86,146.85,89.9,57.73
2020-04-16,17.6,5.97,147.4,95.1,59.5
2020-04-17,18.45,6.18,148.75,95.5,59.8
2020-04-20,18.45,6.95,144.2,98.9,58.27
2020-04-21,17.7,6.38,139.0,97.3,55.0
2020-04-22,17.5,6.48,140.7,97.6,56.13
2020-04-23,17.65,6.49,140.9,95.2,55.5
2020-04-24,17.3,6.13,137.0,93.4,54.33
2020-04-27,17.05,6.17,138.1,92.35,54.47
2020-04-28,17.25,6.03,135.4,90.35,56.37
2020-04-29,17.2,6.25,139.85,90.2,59.4
2020-04-30,17.05,6.33,148.5,95.05,63.8
2020-05-04,17.05,5.97,142.3,91.45,62.33
2020-05-05,16.7,6.09,138.0,92.6,60.73
2020-05-06,16.45,6.13,133.75,94.7,63.13
2020-05-07,16.55,6.11,130.8,90.45,61.0
2020-05-08,16.35,5.98,129.0,87.0,60.9
2020-05-11,17.15,5.92,128.45,86.65,61.37
2020-05-12,18.0,5.97,126.85,91.65,59.13
2020-05-13,18.9,6.37,130.6,93.05,59.57
2020-05-14,18.0,6.61,128.65,89.35,56.97
2020-05-15,17.6,6.47,129.6,90.85,57.2
2020-05-18,16.95,6.18,121.7,88.9,54.0
2020-05-19,16.4,7.06,123.6,91.05,54.57
2020-05-20,17.2,6.92,123.25,92.9,57.5
2020-05-21,17.65,6.85,124.5,90.25,58.63
2020-05-22,17.15,6.6,125.2,90.95,58.13
2020-05-26,16.9,7.34,127.25,93.0,58.77
2020-05-27,16.9,7.4,130.8,94.7,59.07
2020-05-28,16.9,7.2,133.9,95.7,59.4
2020-05-29,17.0,7.28,141.3,97.85,61.57
2020-06-01,17.45,7.91,148.55,97.9,61.3
2020-06-02,17.5,8.04,143.4,96.75,64.37
2020-06-03,17.55,7.54,141.7,94.7,64.23
2020-06-04,17.45,7.75,140.25,95.15,64.83
2020-06-05,19.05,7.78,144.85,97.95,65.23
2020-06-08,19.85,7.71,146.7,98.55,69.83
2020-06-09,19.05,7.67,144.3,98.0,67.4
2020-06-10,18.65,7.76,140.7,98.15,65.4
2020-06-11,18.6,7.57,137.7,98.05,63.7
2020-06-12,18.3,7.6,134.65,96.9,64.23
2020-06-15,18.35,7.5,132.1,93.2,66.43
2020-06-16,18.2,7.32,131.15,92.8,65.0
2020-06-17,18.05,7.36,129.45,91.5,64.17
2020-06-18,18.6,7.52,137.6,92.7,64.7
2020-06-19,18.9,7.6,137.25,93.0,66.33
2020-06-22,19.05,7.64,143.65,95.3,65.53
2020-06-23,20.25,7.58,143.85,100.75,66.17
2020-06-24,19.85,7.55,141.55,97.05,67.6
2020-06-25,19.7,7.35,140.4,96.1,68.73
2020-06-26,19.45,7.35,142.1,97.0,70.1
2020-06-29,19.05,7.25,134.85,94.9,69.07
2020-06-30,18.85,7.2,132.85,95.8,68.1
2020-07-01,18.9,7.18,133.85,93.6,68.63
2020-07-02,20.3,7.16,133.6,93.4,69.0
2020-07-03,19.9,7.18,135.25,94.5,69.93
2020-07-06,20.3,7.18,135.85,95.2,69.13
2020-07-07,20.2,7.19,132.85,92.55,68.57
2020-07-08,20.0,7.14,132.85,91.0,68.47
2020-07-09,20.0,7.11,130.4,91.2,70.37
2020-07-10,19.65,6.96,131.2,90.4,68.27
2020-07-13,19.75,6.94,130.5,89.9,67.4
2020-07-14,19.15,7.14,128.25,87.65,66.03
2020-07-15,19.05,6.94,128.0,88.05,64.63
2020-07-16,18.65,6.94,126.15,86.75,64.5
2020-07-17,19.7,7.1,130.6,88.3,67.23
2020-07-20,20.05,7.07,133.0,87.15,66.8
2020-07-21,19.8,7.05,133.1,88.35,69.2
2020-07-22,19.7,7.01,134.1,90.35,67.97
2020-07-23,19.1,7.03,133.45,90.55,68.2
2020-07-24,19.25,7.0,131.6,89.4,66.37
2020-07-27,19.2,7.05,129.95,87.65,65.0
2020-07-28,19.05,7.1,130.45,88.55,65.07
2020-07-29,19.05,7.13,131.2,88.15,65.87
2020-07-30,19.45,7.1,128.6,86.6,64.4
2020-07-31,19.2,7.08,129.25,87.0,64.43
2020-08-03,19.15,7.03,128.4,85.6,62.73
2020-08-04,19.1,7.19,128.75,85.6,62.1
2020-08-05,19.15,7.05,128.45,85.9,62.2
2020-08-06,19.15,7.04,128.85,86.15,63.77
2020-08-07,19.15,7.33,129.75,85.8,64.6
2020-08-10,19.1,7.53,129.25,88.2,64.7
2020-08-11,19.35,7.53,130.1,88.25,64.87
2020-08-12,19.8,7.46,128.7,88.7,65.37
2020-08-13,19.95,7.53,128.95,87.25,64.93
2020-08-14,22.1,7.43,131.85,88.4,63.97
2020-08-17,23.1,7.41,136.0,95.3,65.1
2020-08-18,22.75,7.36,136.65,95.05,64.63
2020-08-19,22.9,7.5,135.1,94.65,67.63
2020-08-20,23.1,7.69,138.5,101.1,67.67
2020-08-21,22.75,7.83,139.5,105.95,67.83
2020-08-24,22.5,7.68,139.8,105.4,67.73
2020-08-25,22.3,8.19,140.45,103.8,66.47
2020-08-26,21.95,8.03,141.95,102.8,66.57
2020-08-27,21.85,7.89,140.55,102.6,66.13
2020-08-28,22.0,7.85,139.05,101.55,66.07
2020-08-31,21.55,7.45,134.35,96.4,63.77
2020-09-01,21.15,7.76,133.45,99.8,64.27
2020-09-02,21.2,7.83,136.3,98.95,64.87
2020-09-03,21.25,7.73,135.7,97.7,65.4
2020-09-04,20.95,7.52,132.45,94.7,65.37
2020-09-07,21.6,7.44,131.95,92.4,63.83
2020-09-08,21.0,7.43,129.95,90.65,63.03
2020-09-09,20.55,7.42,126.95,90.4,60.7
2020-09-10,20.85,7.53,126.65,90.55,60.53
2020-09-11,21.35,7.48,125.1,90.1,60.5
2020-09-14,21.45,7.45,124.95,90.85,61.3
2020-09-15,21.3,7.43,124.1,91.1,61.4
2020-09-16,21.1,7.43,123.85,89.65,61.23
2020-09-17,20.85,7.4,124.3,88.65,60.5
2020-09-18,21.35,7.48,123.65,90.55,61.4
2020-09-21,20.35,7.4,121.65,88.3,58.8
2020-09-22,19.2,7.34,119.55,87.7,56.1
2020-09-23,19.25,7.33,121.05,85.1,57.13
2020-09-24,18.9,7.26,115.7,82.65,55.33
2020-09-25,19.35,7.32,117.1,84.8,56.8
2020-09-28,19.6,7.43,120.0,87.5,58.8
2020-09-29,19.45,7.45,117.65,85.15,58.33
2020-09-30,19.4,7.38,116.0,85.1,57.87
2020-10-01,19.35,7.41,117.25,84.9,58.93
2020-10-05,19.3,7.38,118.4,84.45,58.0
2020-10-06,19.35,7.37,116.8,84.15,58.5
2020-10-07,19.0,7.3,114.45,82.8,57.8
2020-10-08,18.9,7.26,113.3,82.6,56.1
2020-10-09,18.7,7.32,114.9,82.9,57.13
2020-10-12,18.85,7.24,113.2,82.75,55.9
2020-10-13,18.65,7.24,113.85,82.65,55.43
2020-10-14,18.75,7.22,110.55,79.1,55.1
2020-10-15,18.5,7.22,110.6,79.0,54.87
2020-10-16,18.55,7.2,111.35,80.3,56.0
2020-10-19,18.65,7.13,114.7,81.65,58.3
2020-10-20,19.15,7.09,113.65,80.65,57.13
2020-10-21,18.8,7.02,115.1,82.3,58.43
2020-10-22,18.7,7.0,115.8,84.65,59.1
2020-10-23,18.8,7.07,117.7,86.25,58.2
2020-10-26,18.6,7.03,114.55,85.95,57.0
2020-10-27,18.55,7.08,113.95,89.45,56.13
2020-10-28,18.3,7.06,112.7,88.1,55.4
2020-10-29,18.3,7.13,110.85,86.5,55.63
2020-10-30,18.2,7.15,114.2,87.6,56.5
2020-11-02,18.1,7.19,115.7,89.2,55.97
2020-11-03,18.15,7.21,116.5,85.95,55.97
2020-11-04,18.1,7.23,114.8,85.1,55.57
2020-11-05,18.45,7.28,119.85,86.8,58.3
2020-11-06,18.45,7.54,121.8,87.3,57.2
2020-11-09,18.4,7.41,121.75,89.45,57.67
2020-11-10,18.95,7.27,124.8,91.5,60.13
2020-11-11,18.8,7.29,125.85,92.9,61.97
2020-11-12,18.7,7.21,122.1,90.8,62.03
2020-11-13,18.6,7.23,125.9,91.45,61.87
2020-11-14,18.6,7.28,125.9,91.45,62.33
2020-11-17,18.9,7.5,128.7,88.7,62.37
2020-11-18,19.0,7.88,128.25,88.3,62.63
2020-11-19,19.3,7.66,122.05,89.8,62.43
2020-11-20,19.25,7.6,121.45,91.8,64.97
2020-11-23,20.7,7.68,122.75,93.65,67.27
2020-11-24,20.85,7.74,123.25,94.15,66.87
2020-11-25,20.6,7.65,123.95,93.95,68.2
2020-11-26,20.85,7.65,125.05,94.1,68.5
2020-11-27,21.85,7.7,125.55,94.7,68.43
2020-12-01,22.95,8.21,126.4,93.75,73.8
2020-12-02,23.1,9.03,129.75,94.8,77.8
2020-12-03,23.75,10.83,133.45,98.55,78.83
2020-12-04,24.05,11.92,133.3,98.55,79.87
2020-12-07,24.65,11.36,136.8,99.75,81.6
2020-12-08,23.35,10.48,134.25,98.2,81.17
2020-12-09,22.8,9.85,134.7,98.3,81.67
2020-12-10,21.9,9.35,134.85,97.15,80.03
2020-12-11,23.4,8.89,138.25,102.4,83.9
2020-12-14,23.25,9.33,143.35,104.6,83.63
2020-12-15,23.15,9.61,143.1,105.85,83.5
2020-12-16,23.8,9.38,145.5,104.9,82.93
2020-12-17,23.9,9.44,143.45,104.45,82.6
2020-12-18,23.7,9.47,141.7,103.75,83.37
2020-12-21,22.0,9.0,132.95,97.5,76.47
2020-12-22,22.2,8.96,135.5,98.9,79.0
2020-12-23,22.8,9.4,135.05,98.55,78.83
2020-12-24,22.85,9.58,136.25,99.95,80.1
2020-12-28,23.2,10.05,137.65,100.45,81.77
2020-12-29,22.9,10.09,135.1,98.6,82.5
2020-12-30,22.85,10.01,135.6,99.1,82.07
2020-12-31,24.0,9.96,135.45,99.35,82.17
2021-01-01,23.9,10.03,135.35,99.05,82.43
2021-01-04,24.05,10.04,137.25,99.05,85.33
2021-01-05,27.4,9.96,135.15,97.6,86.2
2021-01-06,28.1,10.14,135.1,97.85,89.33
2021-01-07,29.05,10.2,136.5,97.0,88.97
2021-01-08,33.25,10.69,139.7,100.15,88.5
2021-01-11,34.9,11.22,141.7,99.0,90.47
2021-01-12,32.85,11.14,146.65,100.15,94.27
2021-01-13,33.05,10.73,145.8,102.55,94.17
2021-01-14,31.25,10.79,146.65,102.2,96.0
2021-01-15,31.55,10.82,143.25,100.45,92.33
2021-01-18,31.25,10.71,138.7,97.55,91.93
2021-01-19,31.2,11.06,140.1,99.65,93.1
2021-01-20,30.9,11.11,141.5,98.3,92.0
2021-01-21,30.05,10.75,137.35,96.1,89.17
2021-01-22,28.95,10.57,133.2,94.05,89.37
2021-01-25,28.75,10.24,131.85,93.2,88.63
2021-01-27,27.45,9.92,129.15,91.3,85.13
2021-01-28,30.15,9.8,128.2,91.6,85.73
2021-01-29,31.3,10.26,125.9,88.95,83.53
2021-02-01,30.3,10.47,129.0,92.0,84.93
2021-02-02,29.65,10.5,131.25,94.15,86.47
2021-02-03,29.5,10.5,137.25,96.95,86.97
2021-02-04,31.2,10.65,143.6,99.05,87.13
2021-02-05,30.9,10.46,140.85,99.5,85.47
2021-02-08,31.65,10.61,141.55,100.3,87.6
2021-02-09,31.0,10.54,139.25,99.95,87.37
2021-02-10,30.6,10.42,138.3,99.85,89.07
2021-02-11,31.9,10.76,137.15,97.3,90.97
2021-02-12,32.55,11.45,133.85,95.95,88.6
2021-02-15,31.05,11.38,132.25,95.2,89.2
2021-02-16,30.75,11.04,133.75,98.0,88.73
2021-02-17,30.7,10.85,135.2,99.35,89.6
2021-02-18,30.65,11.14,139.95,103.4,95.4
2021-02-19,30.65,11.17,139.25,104.2,96.93
2021-02-22,29.8,11.1,136.25,102.05,95.2
2021-02-23,29.75,11.06,136.9,103.4,98.23
2021-02-24,30.15,11.05,144.4,103.2,97.63
2021-02-25,32.75,11.3,156.1,108.0,100.53
2021-02-26,31.75,11.04,152.2,107.3,94.53
2021-03-01,32.45,11.15,154.35,108.45,96.33
2021-03-02,32.6,12.26,153.4,112.55,96.53
2021-03-03,32.05,12.98,154.9,112.7,97.97
2021-03-04,32.3,14.27,152.05,110.8,96.3
2021-03-05,31.5,14.87,151.1,108.7,98.1
2021-03-08,31.8,15.61,153.15,110.55,102.77
2021-03-09,31.05,16.37,151.7,109.5,99.37
2021-03-10,31.7,15.56,150.95,109.65,98.47
2021-03-12,31.3,15.11,150.5,109.1,97.9
2021-03-15,30.75,15.86,146.9,110.5,95.7
2021-03-16,30.6,16.62,145.7,109.55,95.5
2021-03-17,30.65,17.44,139.85,106.55,92.27
2021-03-18,29.65,17.85,137.05,103.8,90.07
2021-03-19,29.15,18.44,136.3,108.5,92.33
2021-03-22,30.3,19.36,135.65,109.85,91.2
2021-03-23,30.45,20.32,135.25,108.65,89.6
2021-03-24,27.65,20.87,132.3,106.0,87.33
2021-03-25,27.7,19.83,128.1,103.0,85.33
2021-03-26,29.2,18.84,129.6,104.2,87.87
2021-03-30,29.6,17.9,132.95,107.7,88.23
2021-03-31,29.1,17.01,130.35,106.55,90.33
2021-04-01,29.65,17.86,132.15,107.9,93.43
2021-04-05,29.5,18.75,129.8,106.3,89.97
2021-04-06,30.0,19.68,130.3,106.05,89.7
2021-04-07,30.35,19.99,131.25,105.45,92.43
2021-04-08,29.45,19.48,131.65,105.0,92.37
2021-04-09,29.1,19.53,129.5,102.8,92.53
2021-04-12,27.05,18.56,124.7,99.05,88.5
2021-04-13,27.45,18.12,127.95,100.6,92.6
2021-04-15,27.25,18.15,128.25,101.35,93.73
2021-04-16,27.7,18.35,127.85,102.45,93.07
2021-04-19,26.75,17.49,124.6,99.05,90.93
2021-04-20,26.75,17.43,124.5,99.05,89.6
2021-04-22,26.5,17.44,125.05,98.95,88.67
2021-04-23,26.5,17.56,126.15,102.55,86.27
2021-04-26,26.65,17.55,126.95,102.4,86.67
2021-04-27,27.45,18.0,127.5,102.05,87.7
2021-04-28,27.7,18.9,128.5,103.6,88.9
2021-04-29,27.3,19.4,128.05,103.05,89.87
2021-04-30,27.2,18.95,133.05,102.45,91.47
2021-05-03,27.55,19.11,132.2,104.25,91.67
2021-05-04,28.05,19.14,132.8,103.75,95.83
2021-05-05,28.3,19.41,133.15,103.9,96.7
2021-05-06,28.4,19.37,134.6,103.05,100.77
2021-05-07,28.15,19.41,136.85,105.05,100.17
2021-05-10,28.95,19.7,147.05,107.7,103.03
2021-05-11,29.35,19.8,155.7,112.7,107.93
2021-05-12,29.6,19.49,153.5,113.3,107.37
2021-05-14,29.2,19.16,146.8,111.4,101.8
2021-05-17,29.3,19.41,148.15,111.55,102.1
2021-05-18,29.3,20.38,146.45,112.1,101.87
2021-05-19,29.6,20.48,151.85,111.95,101.87
2021-05-20,29.8,20.02,146.65,111.75,98.23
2021-05-21,29.95,20.22,147.2,112.85,97.17
2021-05-24,30.1,20.21,148.9,112.9,101.13
2021-05-25,30.0,20.08,147.45,113.3,103.4
2021-05-26,29.95,19.85,145.7,111.1,101.4
2021-05-27,29.6,19.03,144.55,110.3,101.87
2021-05-28,28.9,18.39,146.9,108.95,101.97
2021-05-31,29.5,18.5,147.7,110.5,106.63
2021-06-01,29.3,19.07,147.6,110.2,106.97
2021-06-02,29.7,19.28,149.1,111.15,105.9
2021-06-03,29.8,20.15,149.05,111.8,107.37
2021-06-04,30.65,21.15,153.1,111.75,108.0
2021-06-07,31.55,25.38,156.25,116.4,112.23
2021-06-08,31.45,30.35,156.0,116.2,111.87
2021-06-09,31.1,30.47,156.4,118.1,108.27
2021-06-10,31.45,30.82,156.5,118.5,109.0
2021-06-11,31.8,29.66,162.65,118.8,109.17
2021-06-14,33.4,28.18,159.35,118.2,108.77
2021-06-15,32.7,26.78,157.15,117.8,108.67
2021-06-16,32.4,25.45,155.55,119.8,107.83
2021-06-17,31.85,24.18,152.15,117.4,107.0
2021-06-18,31.3,22.98,146.4,113.55,103.37
2021-06-21,32.2,24.12,147.5,118.0,103.5
2021-06-22,32.15,25.32,148.7,118.3,103.53
2021-06-23,32.05,25.19,148.45,117.25,102.23
2021-06-24,32.3,23.94,146.4,118.0,101.5
2021-06-25,32.7,23.35,148.75,116.05,102.07
2021-06-28,32.55,23.64,147.2,116.15,102.23
2021-06-29,32.85,23.26,144.5,117.6,101.33
2021-06-30,33.7,22.69,146.65,116.4,99.77
2021-07-01,32.6,21.56,145.65,117.35,102.0
2021-07-02,32.2,21.88,147.65,117.5,100.87
2021-07-05,32.25,21.36,149.9,118.6,101.43
2021-07-06,31.9,22.38,147.5,117.65,100.23
2021-07-07,32.05,21.96,147.55,117.45,99.97
2021-07-08,32.3,21.75,146.25,117.45,99.13
2021-07-09,32.15,21.91,146.7,117.8,98.1
2021-07-12,32.2,21.64,146.4,117.85,97.83
2021-07-13,32.05,21.35,148.1,119.9,99.2
2021-07-14,31.85,21.01,148.15,120.75,98.57
2021-07-15,31.75,20.82,146.7,120.3,96.27
2021-07-16,31.55,21.13,145.55,119.1,96.53
2021-07-19,31.1,20.43,144.45,121.4,96.23
2021-07-20,30.4,19.41,142.9,118.45,94.9
2021-07-22,30.7,20.36,144.7,119.2,95.87
2021-07-23,30.25,20.09,144.1,118.5,94.93
2021-07-26,30.15,19.59,144.0,119.35,94.23
2021-07-27,30.1,18.95,142.45,118.85,92.7
2021-07-28,29.85,19.41,144.05,116.8,91.9
2021-07-29,29.8,19.08,142.15,116.75,91.67
2021-07-30,29.6,19.17,143.3,118.2,93.03
2021-08-02,29.95,18.57,143.9,117.75,95.23
2021-08-03,29.95,18.37,144.25,117.65,95.53
2021-08-04,29.65,18.05,144.7,117.85,94.93
2021-08-05,29.25,17.63,145.45,116.5,95.27
2021-08-06,29.65,18.51,146.1,117.65,99.17
2021-08-09,30.1,18.07,143.25,116.7,97.2
2021-08-10,29.25,17.17,142.2,114.35,96.57
2021-08-11,29.05,16.68,143.95,116.95,98.1
2021-08-12,29.6,17.0,144.4,119.15,100.43
2021-08-13,29.65,16.99,143.75,118.25,98.93
2021-08-16,29.2,16.61,142.0,118.85,99.0
2021-08-17,28.85,15.99,139.25,117.4,98.0
2021-08-18,28.7,15.46,138.35,116.55,97.07
2021-08-20,28.1,15.49,135.6,114.15,93.57
2021-08-23,27.65,14.72,133.95,113.4,93.87
2021-08-24,27.75,15.45,136.2,113.95,96.97
2021-08-25,27.7,16.22,138.85,114.0,96.6
2021-08-26,27.85,17.03,137.3,112.75,95.1
2021-08-27,28.05,17.88,138.55,113.4,95.67
2021-08-30,28.15,18.77,143.6,114.95,97.33
2021-08-31,28.2,19.7,145.85,115.95,97.43
2021-09-01,28.25,20.68,144.2,115.4,96.53
2021-09-02,28.15,21.71,141.6,116.5,96.73
2021-09-03,30.0,20.63,146.35,117.0,98.27
2021-09-06,29.35,19.6,146.35,116.45,97.93
2021-09-07,31.5,18.62,147.2,115.85,96.13
2021-09-08,31.0,19.55,149.15,114.05,96.73
2021-09-09,30.5,20.51,148.65,114.55,96.77
2021-09-13,30.2,20.11,154.6,115.0,97.27
2021-09-14,30.3,19.84,154.7,115.9,104.0
2021-09-15,30.05,19.9,161.05,124.2,104.77
2021-09-16,30.25,19.71,162.3,124.0,104.77
2021-09-17,30.1,20.09,156.7,123.75,102.73
2021-09-20,30.7,19.09,154.2,122.7,99.87
2021-09-21,30.2,18.91,156.4,124.1,100.0
2021-09-22,30.4,19.18,162.1,124.4,100.0
2021-09-23,30.25,19.41,167.35,126.2,101.93
2021-09-24,30.05,19.17,166.1,124.25,101.73
2021-09-27,29.85,19.4,167.05,126.85,103.0
2021-09-28,30.2,19.2,174.55,131.95,106.33
2021-09-29,30.4,19.66,185.7,140.65,104.2
2021-09-30,30.2,19.42,185.1,141.85,105.9
2021-10-01,30.0,19.39,188.7,139.9,108.77
2021-10-04,30.2,20.35,189.95,145.55,107.7
2021-10-05,30.9,21.3,197.95,145.4,109.8
2021-10-06,30.95,20.31,192.85,143.3,110.93
2021-10-07,30.9,20.39,190.7,142.8,106.43
2021-10-08,30.95,20.32,188.45,141.1,105.43
2021-10-11,30.3,20.37,196.85,144.8,105.83
2021-10-12,30.15,20.33,193.3,144.55,105.3
2021-10-13,30.2,21.34,190.05,146.35,106.0
2021-10-14,30.65,22.4,183.8,149.4,106.7
2021-10-18,34.05,24.64,185.3,149.55,107.57
2021-10-19,32.6,24.97,184.5,149.65,103.83
2021-10-20,32.5,24.18,180.5,146.25,101.07
2021-10-21,35.9,24.64,182.4,147.9,99.8
2021-10-22,43.05,23.41,175.9,144.9,100.33
2021-10-25,38.75,22.24,174.1,143.9,98.83
2021-10-26,37.7,22.44,175.05,143.2,101.33
2021-10-27,37.1,21.75,173.6,141.3,99.83
2021-10-28,36.65,20.69,166.55,137.35,98.3
2021-10-29,35.3,20.1,164.45,132.65,99.23
2021-11-01,36.2,20.57,170.75,134.3,100.13
2021-11-02,36.05,20.82,169.2,136.65,100.63
2021-11-03,35.45,20.65,169.75,136.75,100.37
2021-11-04,36.35,21.08,170.7,137.15,101.0
2021-11-08,39.35,20.9,171.7,140.3,101.27
2021-11-09,39.3,21.94,170.5,138.5,100.43
2021-11-10,38.4,22.03,166.7,137.4,101.4
2021-11-11,38.45,21.62,167.0,136.65,99.67
2021-11-12,37.65,21.69,166.95,136.45,98.67
2021-11-15,37.25,21.43,159.75,137.15,98.03
2021-11-16,36.8,21.35,159.05,134.3,97.07
2021-11-17,36.85,20.86,156.1,136.45,96.67
2021-11-18,36.05,20.58,153.4,135.3,93.97
2021-11-22,34.85,20.19,150.55,130.15,91.53
2021-11-23,36.5,21.19,156.2,133.5,92.33
2021-11-24,36.0,21.18,159.1,135.35,93.47
2021-11-25,36.5,21.01,158.55,135.2,94.37
2021-11-26,35.05,20.25,155.9,128.85,89.07
2021-11-29,33.25,19.68,154.25,126.5,86.9
2021-11-30,33.45,19.87,152.0,127.25,86.53
2021-12-01,34.05,20.25,155.55,127.7,87.03
2021-12-02,34.4,20.35,159.3,128.7,87.77
2021-12-03,34.7,20.16,159.75,127.0,88.17
2021-12-06,33.9,19.9,148.55,124.35,85.9
2021-12-07,34.35,20.07,150.65,125.35,88.37
2021-12-08,34.8,20.79,150.9,127.25,89.13
2021-12-09,36.3,20.71,152.65,126.05,89.5
2021-12-10,36.6,20.81,151.3,126.15,90.3
2021-12-13,36.3,20.75,149.0,125.8,88.9
2021-12-14,35.65,20.67,148.9,126.35,90.2
2021-12-15,35.3,20.44,148.1,126.7,88.0
2021-12-16,34.65,20.26,149.75,127.4,86.37
2021-12-17,34.3,20.02,146.45,125.55,86.33
2021-12-20,33.35,19.42,140.7,121.75,83.97
2021-12-21,33.55,19.77,144.65,122.2,86.0
2021-12-22,34.05,19.93,145.35,122.55,86.8
2021-12-23,34.15,19.86,147.7,124.55,88.57
2021-12-24,33.85,19.73,145.9,121.25,87.23
2021-12-27,33.65,19.89,146.05,121.85,87.03
2021-12-28,34.2,20.2,148.85,124.1,88.7
2021-12-29,34.25,19.97,146.75,123.15,88.17
2021-12-30,33.75,19.89,146.2,126.9,85.1
2021-12-31,34.75,19.94,146.05,124.4,86.13
2022-01-03,35.3,20.26,155.3,126.0,87.63
2022-01-04,35.25,20.11,153.0,132.9,88.53
2022-01-05,34.85,19.97,153.7,132.0,90.7
2022-01-06,35.25,19.97,154.65,130.9,92.57
2022-01-07,35.65,20.04,156.95,131.35,93.03
2022-01-10,36.0,21.74,160.7,131.85,95.1
2022-01-11,36.0,21.71,158.55,132.3,94.53
2022-01-12,35.7,23.88,159.35,133.85,95.73
2022-01-13,35.65,23.29,164.75,134.95,96.63
2022-01-14,36.35,23.43,164.75,135.35,96.2
2022-01-17,38.4,23.21,163.7,136.6,96.47
2022-01-18,37.45,21.95,160.8,135.0,95.27
2022-01-19,37.55,22.78,163.9,134.8,98.63
2022-01-20,37.35,22.75,165.05,134.9,98.23
2022-01-21,37.15,21.99,158.75,134.1,95.6
2022-01-24,35.45,20.56,156.3,132.6,93.9
2022-01-25,35.6,21.43,161.15,135.3,95.83
2022-01-27,35.65,21.13,160.55,135.0,94.2
2022-01-28,35.7,21.15,161.65,140.15,94.53
2022-01-31,36.0,21.25,159.8,142.05,96.2
2022-02-01,35.7,21.6,163.05,141.15,98.33
2022-02-02,35.65,21.67,163.85,141.15,97.13
2022-02-03,35.5,21.52,161.3,136.65,98.27
2022-02-04,35.05,21.71,160.4,134.2,97.7
2022-02-07,34.85,22.34,160.95,135.15,98.83
2022-02-08,34.45,21.63,159.95,135.0,96.2
2022-02-09,34.2,21.52,168.6,135.05,95.3
2022-02-10,35.5,24.55,168.05,136.45,94.4
2022-02-11,34.65,25.0,166.5,137.15,93.77
2022-02-14,33.5,22.67,161.65,132.5,91.7
2022-02-15,33.75,23.59,163.65,135.35,92.83
2022-02-16,33.9,25.35,163.85,133.2,92.9
2022-02-17,33.15,26.4,163.05,132.75,93.2
2022-02-18,33.05,26.32,167.3,132.35,93.9
2022-02-21,32.35,24.03,161.2,131.95,90.87
2022-02-22,31.2,24.11,159.9,132.1,89.7
2022-02-23,31.7,25.11,158.5,130.2,92.17
2022-02-24,29.2,22.23,150.0,124.4,86.5
2022-02-25,31.0,24.81,163.45,130.35,89.87
2022-02-28,30.95,24.75,169.55,133.5,96.57
2022-03-02,31.05,24.62,184.8,130.95,101.7
2022-03-03,31.1,24.54,188.95,132.1,106.0
2022-03-04,30.7,23.95,181.0,130.2,103.63
2022-03-07,29.95,23.29,188.7,130.05,107.77
2022-03-08,30.7,23.74,189.15,133.75,104.93
2022-03-09,32.0,24.26,186.65,131.5,103.0
2022-03-10,32.6,24.5,178.95,132.95,98.33
2022-03-11,32.75,24.36,181.75,131.95,101.6
2022-03-14,32.6,24.43,180.35,132.15,101.57
2022-03-15,32.8,24.46,172.9,131.05,98.97
2022-03-16,33.15,24.58,176.9,132.75,101.6
2022-03-17,34.55,25.02,176.55,132.9,100.87
2022-03-21,35.8,24.91,182.3,132.9,96.2
2022-03-22,35.8,24.75,183.35,132.85,95.63
2022-03-23,36.15,26.04,183.05,133.45,95.73
2022-03-24,34.9,26.43,187.4,135.4,98.07
2022-03-25,34.1,28.64,186.1,134.75,98.43
2022-03-28,33.15,30.45,191.25,134.8,101.4
2022-03-29,33.25,34.71,186.0,134.35,101.77
2022-03-30,32.6,34.3,182.9,135.3,102.3
2022-03-31,32.7,37.02,183.05,135.0,103.77
2022-04-01,33.4,40.69,186.15,142.95,108.03
2022-04-04,33.8,42.39,187.75,144.3,107.8
2022-04-05,34.55,46.62,187.9,149.1,107.17
2022-04-06,34.25,48.95,193.85,153.0,108.23
2022-04-07,34.1,46.51,190.75,153.5,107.13
2022-04-08,34.6,44.19,194.55,152.05,108.1
2022-04-11,34.7,46.32,196.4,153.1,109.73
2022-04-12,34.7,46.16,186.0,152.6,111.13
2022-04-13,34.85,44.65,186.6,153.95,112.43
2022-04-18,34.35,46.88,189.45,163.2,111.97
2022-04-19,34.65,46.49,197.75,160.65,113.33
2022-04-20,35.4,47.01,199.1,160.5,110.4
2022-04-21,35.95,49.36,206.9,162.7,109.33
2022-04-22,35.8,51.82,202.15,160.45,109.47
2022-04-25,34.8,54.41,188.45,156.1,105.23
2022-04-26,34.75,57.13,191.4,157.0,104.7
2022-04-27,34.1,59.84,187.5,155.65,103.77
2022-04-28,33.95,56.85,190.25,159.7,105.2
2022-04-29,33.65,56.07,182.85,156.2,106.1
2022-05-02,33.55,56.07,187.65,157.5,105.03
2022-05-04,33.0,53.27,187.35,158.65,105.03
2022-05-05,32.85,55.63,185.85,158.4,107.57
2022-05-06,32.4,58.41,187.4,159.0,106.8
2022-05-09,32.15,56.32,183.05,159.0,104.07
2022-05-10,32.1,53.51,170.05,155.45,99.27
2022-05-11,31.15,51.06,169.85,152.55,100.43
2022-05-12,30.45,48.51,167.05,148.55,100.2
2022-05-13,31.0,50.93,168.7,144.15,98.53
2022-05-16,31.25,53.47,171.7,148.25,100.47
2022-05-17,32.15,56.14,184.55,150.5,102.8
2022-05-18,32.15,58.94,185.55,148.5,102.43
2022-05-19,31.4,59.48,181.2,148.0,102.5
2022-05-20,31.85,62.45,185.95,149.6,104.2
2022-05-23,31.6,65.57,184.3,150.15,102.13
2022-05-24,31.4,62.3,182.35,146.9,101.33
2022-05-25,30.9,59.87,180.7,152.65,101.4
2022-05-26,31.1,62.86,183.25,154.15,100.8
2022-05-27,31.55,65.62,181.85,150.45,95.2
2022-05-30,32.35,68.05,187.2,150.9,95.83
2022-05-31,32.4,64.65,192.9,156.0,98.13
2022-06-01,33.4,61.42,196.05,156.8,99.33
2022-06-02,33.25,59.07,198.2,159.05,99.43
2022-06-03,32.6,56.82,197.0,155.0,98.4
2022-06-06,32.3,59.66,194.85,155.2,98.77
2022-06-07,32.25,58.28,197.55,157.25,100.67
2022-06-08,31.9,56.9,197.65,157.05,101.63
2022-06-09,31.75,57.55,198.75,155.15,101.03
2022-06-10,32.0,56.02,198.5,155.25,99.4
2022-06-13,30.55,53.24,191.05,148.9,97.53
2022-06-14,30.85,53.33,192.2,151.4,97.97
2022-06-15,30.65,54.41,190.05,148.15,98.37
2022-06-16,30.1,51.86,179.9,142.95,93.67
2022-06-17,30.2,52.26,182.65,140.45,92.63
2022-06-20,29.25,49.65,176.85,137.25,87.43
2022-06-21,30.05,50.81,184.8,139.95,90.9
2022-06-22,30.1,49.46,179.35,137.65,89.07
2022-06-23,30.1,50.52,177.15,136.5,87.8
2022-06-24,30.2,52.89,176.55,136.6,88.3
2022-06-27,30.45,54.58,182.05,138.5,89.77
2022-06-28,30.4,54.05,186.4,138.6,91.27
2022-06-29,30.1,54.01,188.75,141.75,92.83
2022-06-30,30.0,52.57,185.6,142.9,90.13
2022-07-01,30.0,52.65,183.25,140.65,88.23
2022-07-04,30.25,52.34,182.05,141.4,89.03
2022-07-05,30.25,52.55,182.45,140.85,89.2
2022-07-06,30.4,52.54,181.7,138.95,89.03
2022-07-07,30.6,55.12,186.0,140.45,91.2
2022-07-08,30.9,54.31,189.8,143.7,91.5
2022-07-11,31.0,57.02,193.35,144.8,92.4
2022-07-12,31.55,58.55,193.9,147.1,92.67
2022-07-13,30.95,57.33,193.45,148.6,91.67
2022-07-14,30.7,56.74,192.0,148.3,92.87
2022-07-15,30.5,57.35,193.4,149.75,93.63
2022-07-18,30.95,57.97,195.6,149.8,96.07
2022-07-19,30.9,58.67,198.25,150.75,93.5
2022-07-20,30.65,57.98,197.85,150.55,94.37
2022-07-21,30.9,58.8,198.6,150.85,95.93
2022-07-22,30.95,58.26,197.1,148.95,94.4
2022-07-25,30.85,58.34,200.9,150.1,98.0
2022-07-26,30.8,59.54,202.3,150.0,95.97
2022-07-27,31.0,62.49,203.45,149.7,97.83
2022-07-28,30.95,64.39,202.85,150.35,97.3
2022-07-29,30.95,62.79,211.25,152.95,97.73
2022-08-01,31.1,64.37,212.75,156.5,98.2
2022-08-02,31.0,65.71,215.25,159.55,94.33
2022-08-03,31.0,67.92,212.1,159.65,93.87
2022-08-04,30.95,69.45,207.15,154.7,93.4
2022-08-05,30.95,66.41,208.45,155.6,88.6
2022-08-08,31.1,65.72,215.4,159.4,88.9
2022-08-10,31.2,67.95,219.85,155.75,87.2
2022-08-11,31.0,68.48,218.6,153.65,85.77
2022-08-12,30.95,69.03,221.65,158.5,87.67
2022-08-16,31.0,72.47,222.9,158.75,90.07
2022-08-17,31.2,76.09,221.45,161.45,89.97
2022-08-18,31.2,79.89,221.75,160.8,90.4
2022-08-19,31.15,82.39,217.15,157.75,88.77
2022-08-22,30.9,86.5,218.3,156.5,86.23
2022-08-23,30.7,82.18,222.85,158.65,88.2
2022-08-24,30.75,78.08,223.65,160.8,88.07
2022-08-25,31.55,78.7,224.9,158.9,88.43
2022-08-26,32.3,75.1,229.95,163.4,89.7
2022-08-29,32.85,78.85,230.6,160.95,89.3
2022-08-30,32.9,82.79,234.8,164.0,90.73
2022-09-01,32.95,81.7,230.3,160.7,90.9
2022-09-02,32.8,80.25,229.3,161.8,90.2
2022-09-05,32.95,77.97,231.6,164.5,91.17
2022-09-06,32.9,81.55,232.7,168.45,93.05
2022-09-07,33.15,81.26,238.85,167.3,92.8
2022-09-08,33.6,80.38,236.45,166.8,92.55
2022-09-09,33.85,79.4,237.6,166.6,92.4
2022-09-12,34.0,79.52,231.5,166.4,92.75
2022-09-13,34.5,78.72,231.3,167.4,92.3
2022-09-14,34.15,76.91,231.95,172.35,91.7
2022-09-15,33.95,79.84,234.25,175.1,91.2
2022-09-16,33.8,77.55,231.05,172.8,91.9
2022-09-19,34.2,78.37,229.9,171.0,90.0
2022-09-20,34.55,79.65,229.85,171.9,90.9
2022-09-21,34.85,78.1,231.55,168.6,89.0
2022-09-22,36.05,79.25,227.05,168.65,88.25
2022-09-23,35.2,77.12,222.85,163.95,86.0
2022-09-26,33.65,73.3,215.5,158.6,84.85
2022-09-27,33.6,74.51,213.9,159.0,86.25
2022-09-28,33.2,73.55,210.8,157.95,85.7
2022-09-29,32.95,73.89,213.9,159.55,85.9
2022-09-30,33.7,74.7,212.25,159.65,87.05
2022-10-03,35.9,70.97,214.95,160.35,85.15
2022-10-04,35.85,70.5,223.25,162.55,87.25
2022-10-06,36.3,74.02,233.5,162.9,87.55
2022-10-07,36.0,74.57,229.7,164.3,86.85
2022-10-10,38.5,73.07,229.85,163.95,89.2
2022-10-11,36.85,71.37,225.45,161.05,86.2
2022-10-12,37.0,71.36,232.1,165.0,86.35
2022-10-13,36.8,69.37,234.55,164.75,85.45
2022-10-14,36.8,66.25,236.35,165.1,85.1
2022-10-17,37.8,68.13,238.0,168.45,85.05
2022-10-18,37.85,69.12,241.7,166.95,85.0
2022-10-19,37.05,66.72,238.2,164.05,84.8
2022-10-20,35.75,67.69,241.0,166.95,87.45
2022-10-21,36.1,66.44,238.7,165.05,86.45
2022-10-24,37.15,67.11,240.5,166.95,86.8
2022-10-25,39.45,66.47,239.95,169.35,86.55
2022-10-27,41.25,67.48,240.9,170.65,88.05
2022-10-28,40.65,66.66,244.4,174.05,90.05
2022-10-31,40.0,66.98,245.95,173.1,91.3
2022-11-01,40.2,69.78,245.65,181.8,91.4
2022-11-02,39.95,68.63,245.8,180.95,91.3
2022-11-03,42.65,67.35,246.2,178.15,90.55
2022-11-04,46.05,69.37,246.05,176.95,88.55
2022-11-07,50.8,69.72,249.55,175.85,90.55
2022-11-09,52.0,73.16,255.8,173.4,88.6
2022-11-10,49.1,74.28,253.6,172.1,88.2
2022-11-11,51.15,72.04,253.25,171.45,88.85
2022-11-14,54.55,71.96,247.2,171.45,88.1
2022-11-15,60.65,71.41,232.15,172.1,89.9
2022-11-16,63.75,69.03,234.9,169.95,90.5
2022-11-17,61.05,67.2,232.4,168.3,90.15
2022-11-18,63.2,67.3,229.55,165.85,90.3
2022-11-21,61.8,66.24,229.45,164.4,89.65
2022-11-22,58.0,65.7,229.1,167.05,91.1
2022-11-23,63.8,65.19,230.6,168.05,90.8
2022-11-24,67.15,64.99,228.5,169.5,92.1
2022-11-25,73.3,64.79,231.4,169.75,93.25
2022-11-28,80.1,65.65,229.85,170.4,92.75
2022-11-29,77.95,64.94,227.2,170.15,94.15
2022-11-30,74.1,66.55,227.25,172.2,94.75
2022-12-01,75.05,66.08,226.1,172.2,93.65
2022-12-02,75.15,65.06,226.6,172.15,93.2
2022-12-05,71.4,64.61,231.25,175.15,93.15
2022-12-06,72.0,64.96,231.65,175.2,93.0
2022-12-07,70.45,64.89,229.75,171.85,93.25
2022-12-08,70.65,64.75,230.4,170.35,92.55
2022-12-09,67.35,63.21,228.85,169.5,90.85
2022-12-12,70.7,62.04,232.4,168.9,92.8
2022-12-13,72.55,64.6,231.55,169.2,93.25
2022-12-14,74.0,63.87,232.15,171.6,96.0
2022-12-15,72.8,63.09,228.2,172.1,97.35
2022-12-16,70.15,61.58,224.65,169.8,96.75
2022-12-19,70.05,61.16,227.3,171.8,97.4
2022-12-20,73.55,61.15,226.1,169.75,97.9
2022-12-21,69.9,58.1,223.85,167.95,95.1
2022-12-22,66.45,55.2,222.7,165.9,94.15
2022-12-23,63.15,52.44,215.05,163.0,91.55
2022-12-26,63.7,55.06,220.75,165.65,94.4
2022-12-27,63.55,57.81,221.25,165.2,95.0
2022-12-28,66.7,60.7,223.2,165.85,95.8
2022-12-29,68.55,60.9,221.65,166.75,95.95
2022-12-30,68.25,59.91,225.05,166.45,96.05
2023-01-02,68.55,59.63,224.75,168.0,96.6
2023-01-03,71.95,58.95,224.1,167.6,96.8
2023-01-04,73.4,57.32,217.15,166.6,95.4
2023-01-05,72.05,57.75,218.15,169.9,97.35
2023-01-06,72.45,56.68,214.25,169.0,97.25
2023-01-09,72.15,57.54,214.95,170.4,98.45
2023-01-10,70.35,55.84,216.75,167.95,98.1
2023-01-11,72.2,55.24,213.4,166.05,97.3
2023-01-12,75.8,54.73,213.9,165.95,96.8
2023-01-13,79.55,55.74,215.1,167.8,96.1
2023-01-16,76.8,54.59,213.75,165.95,96.9
2023-01-17,74.45,56.39,213.1,167.7,97.45
2023-01-18,78.15,55.74,216.85,169.45,97.25
2023-01-19,77.2,55.51,223.95,168.7,97.6
2023-01-20,76.75,55.01,227.0,168.7,99.0
2023-01-23,76.15,54.64,230.1,166.85,102.25
2023-01-24,75.45,54.93,227.6,166.05,102.0
2023-01-25,75.7,52.2,226.15,165.9,100.9
2023-01-27,72.9,49.59,222.4,166.3,99.15
2023-01-30,72.5,47.11,225.85,168.85,94.95
2023-01-31,76.1,44.76,224.85,171.15,95.15
2023-02-01,72.65,42.53,220.65,170.0,96.05
2023-02-02,73.8,40.41,217.65,166.9,93.9
2023-02-03,72.3,38.39,218.9,165.55,92.8
2023-02-06,71.35,36.47,219.6,166.05,94.85
2023-02-07,71.85,34.65,219.7,165.25,96.0
2023-02-08,73.55,36.38,215.5,165.5,95.8
2023-02-09,72.5,34.56,214.55,166.0,95.85
2023-02-10,71.6,32.84,211.5,165.0,95.85
2023-02-13,69.25,31.2,213.05,167.85,95.75
2023-02-14,69.85,29.64,211.75,166.05,95.4
2023-02-15,70.75,28.16,212.9,165.8,95.3
2023-02-16,70.3,29.56,215.45,167.4,95.95
2023-02-17,68.45,31.03,217.5,168.05,96.0
2023-02-20,66.35,32.58,218.3,167.9,95.7
2023-02-21,64.95,34.2,214.05,173.25,95.3
2023-02-22,62.3,32.49,211.85,170.5,95.55
2023-02-23,65.05,30.87,214.9,169.6,98.05
2023-02-24,63.1,29.33,217.05,171.0,103.45
2023-02-27,61.25,27.87,216.95,172.4,104.15
2023-02-28,57.45,29.26,215.4,170.5,102.65
2023-03-01,58.5,30.72,218.75,172.25,103.4
2023-03-02,65.65,32.25,222.85,170.8,103.05
2023-03-03,65.8,33.86,222.95,172.6,105.25
2023-03-06,65.4,35.55,224.9,176.8,109.05
2023-03-08,64.0,37.32,224.85,178.85,111.25
2023-03-09,66.2,39.18,224.8,179.45,108.65
2023-03-10,66.6,40.98,224.35,180.75,111.05
2023-03-13,63.95,43.02,220.8,179.7,110.2
2023-03-14,63.3,40.87,221.05,177.9,110.0
2023-03-15,62.65,40.36,219.9,178.2,109.05
2023-03-16,62.0,39.74,220.85,179.6,109.55
2023-03-17,62.95,39.99,221.65,176.95,110.15
2023-03-20,64.6,38.04,217.05,176.0,109.8
2023-03-21,64.15,39.94,217.05,177.1,105.1
2023-03-22,65.6,40.81,213.95,174.35,105.4
2023-03-23,64.7,40.28,213.35,174.6,105.1
2023-03-24,64.75,38.52,208.45,172.7,103.5
2023-03-27,66.5,36.6,208.4,171.25,103.9
2023-03-28,66.2,34.77,208.9,172.0,104.15
2023-03-29,67.05,36.5,212.95,174.0,105.5
2023-03-31,68.6,38.32,213.65,175.1,105.15
2023-04-03,75.35,38.11,220.15,177.8,105.45
2023-04-05,75.2,38.02,222.5,175.9,105.4
2023-04-06,73.9,38.44,221.7,175.2,105.45
2023-04-10,74.3,38.8,222.05,177.6,105.95
2023-04-11,73.5,38.8,223.65,178.1,106.05
2023-04-12,72.75,38.49,227.7,175.8,108.6
2023-04-13,73.55,37.83,225.5,173.05,108.15
2023-04-17,73.1,37.89,229.6,169.6,110.1
2023-04-18,75.0,37.67,232.2,170.1,109.5
2023-04-19,74.45,37.46,230.4,167.1,108.25
2023-04-20,77.1,39.16,229.55,169.7,108.7
2023-04-21,77.5,39.85,230.05,169.7,108.35
2023-04-24,87.75,40.28,231.55,170.95,109.3
2023-04-25,104.6,41.13,230.25,171.1,109.2
2023-04-26,104.75,42.27,229.75,169.85,110.2
2023-04-27,103.2,42.83,231.75,170.95,109.3
2023-04-28,107.55,44.97,233.1,172.0,107.3
2023-05-02,118.3,47.19,236.1,175.6,108.3
2023-05-03,130.1,46.33,236.9,176.35,108.0
2023-05-04,129.3,47.63,237.45,176.35,107.15
2023-05-05,141.65,47.97,237.4,174.25,107.65
2023-05-08,135.0,47.74,232.85,177.05,107.45
2023-05-09,128.25,48.06,236.35,176.0,106.95
2023-05-10,121.85,47.64,236.55,177.05,109.0
2023-05-11,126.7,48.53,236.15,179.55,109.35
2023-05-12,120.4,48.17,235.05,174.95,108.05
2023-05-15,120.7,47.17,237.7,175.95,111.75
2023-05-16,118.75,47.24,240.95,177.45,111.7
2023-05-17,121.85,46.87,241.6,176.0,110.0
2023-05-18,120.85,45.01,239.6,175.1,106.2
2023-05-19,116.2,47.22,239.9,173.3,104.85
2023-05-22,115.9,49.58,238.7,174.1,106.35
2023-05-23,113.0,52.05,239.3,174.15,107.5
2023-05-24,115.0,51.21,241.0,174.95,107.7
2023-05-25,114.85,51.83,240.05,174.5,107.8
2023-05-26,115.85,51.61,241.5,174.5,106.35
2023-05-29,121.6,51.28,246.1,176.3,106.25
2023-05-30,115.55,50.22,244.3,176.8,105.95
2023-05-31,120.0,49.93,241.25,173.85,104.8
2023-06-01,118.45,50.83,230.35,174.4,105.35
2023-06-02,117.95,51.13,230.9,174.55,104.6
2023-06-05,116.95,51.89,229.7,174.1,104.45
2023-06-06,119.85,52.6,227.8,175.4,104.7
2023-06-07,127.1,54.97,230.7,177.35,105.6
2023-06-08,125.35,55.83,228.1,182.05,104.75
2023-06-09,125.25,55.24,227.65,182.8,104.9
2023-06-12,123.8,54.31,229.0,185.7,105.2
2023-06-13,121.95,53.56,228.95,185.35,107.05
2023-06-14,123.7,53.05,228.95,187.2,107.2
2023-06-15,122.9,53.85,228.6,186.7,107.15
2023-06-16,122.85,53.22,228.55,188.2,107.5
2023-06-19,124.45,52.73,227.15,185.85,108.0
2023-06-20,122.7,52.34,227.25,187.5,108.25
2023-06-21,123.8,52.13,228.45,187.5,106.7
2023-06-22,123.45,51.32,226.95,184.5,104.45
2023-06-23,121.15,48.48,225.9,186.7,105.05
2023-06-26,123.3,50.12,224.3,184.9,104.8
2023-06-27,123.9,50.62,225.15,186.05,104.3
2023-06-28,123.0,50.93,227.25,189.1,103.8
2023-06-30,121.9,49.97,231.0,189.15,105.05
2023-07-03,121.85,49.69,231.65,191.25,106.45
2023-07-04,121.95,49.42,231.8,194.05,106.55
2023-07-05,124.1,49.13,231.4,193.4,107.4
2023-07-06,122.85,49.29,234.6,196.75,110.8
2023-07-07,121.9,48.75,234.0,192.6,110.7
2023-07-10,122.25,48.41,233.75,191.55,108.95
2023-07-11,120.95,48.84,234.0,192.4,109.3
2023-07-12,120.7,48.17,234.4,190.8,110.6
2023-07-13,118.65,47.44,229.9,187.9,108.1
2023-07-14,119.5,48.38,231.05,187.45,110.0
2023-07-17,119.65,49.14,230.2,186.5,108.6
2023-07-18,119.65,49.31,228.25,187.35,108.9
2023-07-19,119.9,49.14,228.6,192.55,109.5
2023-07-20,128.7,48.83,229.75,192.9,110.45
2023-07-21,136.65,48.35,229.0,195.1,111.5
2023-07-24,135.75,47.6,230.95,195.9,112.05
2023-07-25,129.55,52.03,229.95,200.65,116.4
2023-07-26,134.25,51.1,230.5,201.6,116.05
2023-07-27,126.0,50.6,229.05,201.95,116.6
2023-07-28,120.95,51.71,227.1,210.0,117.5
2023-07-31,124.1,54.66,229.25,218.35,119.1
2023-08-01,125.1,54.64,240.35,225.15,120.35
2023-08-02,123.55,53.54,234.55,219.1,116.35
2023-08-03,123.3,54.97,230.05,220.1,115.55
2023-08-04,122.65,55.7,233.75,217.95,115.3
2023-08-07,125.15,54.66,232.95,217.95,114.25
2023-08-08,123.9,56.05,230.25,217.55,116.4
2023-08-09,127.15,55.43,234.75,218.7,117.9
2023-08-10,126.6,56.38,234.9,217.4,117.6
2023-08-11,126.1,57.62,234.9,213.0,115.7
2023-08-14,125.25,57.22,233.9,213.0,112.85
2023-08-16,124.65,55.98,233.05,217.45,114.15
2023-08-17,124.85,57.31,232.3,215.75,113.35
2023-08-18,122.85,60.92,227.45,215.15,112.6
2023-08-21,124.5,64.97,230.1,218.8,114.4
2023-08-22,124.55,69.48,230.75,221.7,117.05
2023-08-23,124.6,64.57,230.9,221.7,117.75
2023-08-24,124.85,65.76,229.25,220.85,118.0
2023-08-25,123.9,65.01,227.7,217.9,116.5
2023-08-28,126.85,64.36,229.45,218.7,117.35
2023-08-29,127.75,66.54,229.95,221.1,117.2
2023-08-30,128.5,65.68,228.75,220.4,116.1
2023-08-31,131.05,64.26,230.05,220.3,115.0
2023-09-01,138.3,66.05,236.9,230.7,121.35
2023-09-04,154.4,68.35,247.8,235.8,122.7
2023-09-05,156.75,68.49,255.35,234.6,123.4
2023-09-06,149.85,69.51,255.8,231.9,124.6
2023-09-07,153.9,71.76,274.0,234.1,126.05
2023-09-08,162.85,73.83,282.1,240.25,128.05
2023-09-11,189.5,79.68,278.95,243.1,128.5
2023-09-12,169.85,77.26,270.75,235.1,122.25
2023-09-13,166.7,75.42,279.65,237.15,124.25
2023-09-14,170.95,75.43,277.55,237.95,125.9
2023-09-15,170.15,75.88,279.3,236.2,123.85
2023-09-18,165.35,75.0,281.25,241.2,123.5
2023-09-20,163.45,73.68,284.3,241.75,123.55
2023-09-21,158.8,76.49,280.45,238.95,121.2
2023-09-22,166.85,76.78,283.35,237.95,121.65
2023-09-25,169.8,76.23,288.05,239.65,122.4
2023-09-26,166.7,75.5,286.75,240.2,121.55
2023-09-27,168.5,75.07,291.55,239.3,121.2
2023-09-28,166.1,75.08,290.2,237.05,121.45
2023-09-29,169.45,75.49,295.2,245.55,124.4
2023-10-03,172.5,73.34,291.9,241.2,124.0
2023-10-04,171.15,74.41,287.95,235.15,121.35
2023-10-05,170.2,73.17,289.35,233.85,123.0
2023-10-06,170.05,72.86,287.8,235.55,124.6
2023-10-09,161.25,68.4,287.8,234.7,121.8
2023-10-10,165.35,69.93,303.25,235.9,122.9
2023-10-11,165.2,69.96,301.85,238.7,123.55
2023-10-12,164.9,69.45,307.2,241.6,129.35
2023-10-13,168.0,68.38,307.95,242.05,128.25
2023-10-16,165.95,65.93,312.0,243.45,129.95
2023-10-17,170.35,67.1,317.4,245.95,131.4
2023-10-18,167.0,66.79,316.95,242.0,131.0
2023-10-19,166.75,68.89,314.8,239.5,129.3
2023-10-20,168.25,67.66,312.4,241.0,125.05
2023-10-23,157.75,63.29,306.1,236.55,120.8
2023-10-25,151.15,62.54,310.3,232.05,119.7
2023-10-26,151.5,65.47,305.25,231.65,118.5
2023-10-27,157.7,70.83,313.95,236.6,118.25
2023-10-30,156.35,71.59,314.55,234.6,118.7
2023-10-31,154.15,72.61,314.25,235.8,119.5
2023-11-01,153.0,73.04,306.65,232.6,117.6
2023-11-02,154.05,74.59,308.85,235.25,122.05
2023-11-03,154.0,76.93,312.0,234.35,123.75
2023-11-06,154.5,78.8,316.55,235.85,123.4
2023-11-07,156.15,76.76,314.25,239.15,125.05
2023-11-08,162.05,78.68,317.4,236.7,124.65
2023-11-09,160.7,80.22,323.55,237.95,124.15
2023-11-10,156.2,79.88,323.4,242.75,125.6
2023-11-12,158.45,79.97,331.8,244.55,126.4
2023-11-13,156.9,78.12,349.35,245.7,126.05
2023-11-15,160.55,78.2,350.6,247.3,126.85
2023-11-16,158.45,77.91,345.8,252.35,126.4
2023-11-17,166.85,77.46,345.25,251.6,126.25
2023-11-20,164.7,77.99,347.75,251.05,124.55
2023-11-21,166.9,78.5,334.2,250.0,124.95
2023-11-22,165.8,77.44,332.15,253.65,123.8
2023-11-23,166.8,76.34,334.45,252.75,124.95
2023-11-24,167.0,79.44,332.8,253.9,124.5
2023-11-28,166.1,89.24,341.95,257.55,125.3
2023-11-29,165.35,86.62,342.35,258.4,125.9
2023-11-30,164.2,86.3,342.15,261.3,131.9
2023-12-01,165.0,88.08,346.65,268.95,136.05
2023-12-04,172.4,92.94,354.7,274.8,141.9
2023-12-05,170.0,107.63,355.55,285.45,140.35
2023-12-06,170.85,112.09,352.15,281.1,140.6
2023-12-07,170.1,112.48,351.95,283.8,142.05
2023-12-08,171.15,106.76,351.0,285.05,140.35
2023-12-11,178.35,105.23,353.65,287.3,141.05
2023-12-12,177.95,103.39,347.5,283.4,138.75
2023-12-13,176.95,101.14,345.2,294.05,141.05
2023-12-14,181.75,105.79,347.6,295.4,145.55
2023-12-15,183.15,107.77,350.0,305.1,145.85
2023-12-18,182.6,107.87,347.65,303.2,145.05
2023-12-19,183.85,107.09,366.95,309.65,144.4
2023-12-20,172.1,101.76,352.15,297.65,137.75
2023-12-21,177.4,102.33,355.5,301.95,140.7
2023-12-22,176.9,102.51,363.25,302.8,151.5
2023-12-26,178.65,102.34,366.05,309.6,154.0
2023-12-27,177.8,104.49,365.6,306.05,151.85
2023-12-28,177.4,104.68,380.95,313.9,157.1
2023-12-29,181.55,105.03,376.0,311.15,162.1
2024-01-01,182.0,104.65,381.8,309.75,166.2
2024-01-02,180.8,103.72,392.65,306.0,164.05
2024-01-03,185.3,108.9,384.55,306.2,162.15
2024-01-04,185.5,111.71,384.75,317.1,163.15
2024-01-05,184.65,110.22,384.25,314.95,163.65
2024-01-08,182.1,108.34,380.4,316.45,160.7
2024-01-09,185.3,107.95,385.35,319.75,161.05
2024-01-10,197.4,108.46,382.05,313.35,160.0
2024-01-11,199.8,108.03,384.35,312.9,159.05
2024-01-12,203.25,108.23,381.1,312.65,162.4
2024-01-15,220.65,108.23,384.65,317.3,165.2
2024-01-16,223.55,106.46,381.9,311.5,166.9
2024-01-17,240.4,104.29,379.65,309.3,164.1
2024-01-18,243.6,104.71,375.65,299.3,163.55
2024-01-19,291.25,103.35,383.25,308.45,168.3
2024-01-20,320.35,107.31,398.8,308.2,166.45
2024-01-23,288.75,103.51,375.3,302.6,157.2
2024-01-24,298.85,103.99,382.6,308.85,164.55
2024-01-25,301.95,108.66,389.4,314.75,165.4
2024-01-29,299.05,114.09,412.8,324.55,171.75
2024-01-30,296.25,111.66,402.55,315.45,172.0
2024-01-31,308.25,112.54,406.15,317.5,172.6
2024-02-01,297.55,112.87,406.7,322.0,173.7
2024-02-02,294.55,111.88,419.8,332.5,177.9
2024-02-05,281.35,109.26,440.25,336.1,181.6
2024-02-06,285.2,109.94,448.65,334.2,181.55
2024-02-07,280.85,113.94,452.65,330.7,178.95
2024-02-08,281.7,112.74,459.2,330.9,179.7
2024-02-09,259.25,113.9,456.2,324.9,173.1
2024-02-12,229.6,112.37,432.8,316.15,168.8
2024-02-13,245.7,112.42,452.35,321.55,170.35
2024-02-14,248.85,112.78,466.35,328.0,176.25
2024-02-15,259.4,112.37,476.85,339.25,184.25
2024-02-16,251.7,112.75,480.0,337.75,182.6
2024-02-19,266.25,113.53,461.0,338.75,183.85
2024-02-20,267.25,110.73,446.5,345.7,184.0
2024-02-21,260.35,108.15,432.95,336.1,180.3
2024-02-22,261.35,112.45,445.15,339.55,182.25
2024-02-23,264.6,111.81,443.9,337.75,179.9
2024-02-26,266.95,114.09,442.3,337.6,182.1
2024-02-27,266.9,113.34,441.4,336.1,180.5
2024-02-28,259.0,109.92,434.2,333.3,179.35
2024-02-29,244.25,109.99,436.7,335.6,182.25
2024-03-01,246.2,110.83,446.35,343.5,184.15
2024-03-02,250.95,111.16,448.5,341.75,184.2
2024-03-04,242.55,111.98,455.4,353.85,190.85
2024-03-05,241.25,114.77,460.65,358.25,194.1
2024-03-06,237.55,115.34,461.6,351.95,190.45
2024-03-07,237.95,113.37,458.6,352.2,188.55
2024-03-11,245.45,113.39,453.9,347.95,183.25
2024-03-12,243.45,111.22,449.3,344.75,179.9
2024-03-13,222.6,105.66,417.05,322.5,168.7
2024-03-14,243.5,107.57,427.7,321.85,176.1
2024-03-15,245.55,106.08,415.25,316.3,173.8
2024-03-18,244.4,105.88,421.85,317.15,175.9
2024-03-19,245.45,103.64,419.05,313.45,172.95
2024-03-20,239.2,102.97,419.5,313.65,174.0
2024-03-21,244.5,104.85,432.05,325.0,175.05
2024-03-22,249.85,106.21,431.95,324.75,174.1
2024-03-26,260.45,104.4,435.95,329.1,180.5
2024-03-27,256.0,103.31,429.45,331.6,180.3
2024-03-28,252.9,106.76,434.1,335.8,181.05
2024-04-01,261.75,112.09,442.05,342.35,182.35
2024-04-02,264.4,117.69,443.2,344.8,183.3
2024-04-03,265.05,123.57,445.5,351.25,189.1
2024-04-04,263.95,128.4,448.85,354.65,186.5
2024-04-05,264.1,125.34,446.95,354.55,190.75
2024-04-08,264.2,122.21,447.4,363.5,200.75
2024-04-09,262.1,123.27,439.85,362.9,203.85
2024-04-10,260.15,123.57,456.35,362.5,202.2
2024-04-12,260.2,119.04,455.6,361.75,201.1
2024-04-15,251.0,118.23,451.0,361.15,203.7
2024-04-16,257.9,120.32,453.2,359.25,205.85
2024-04-18,259.9,119.62,438.6,351.15,203.55
2024-04-19,258.45,118.91,435.3,350.55,201.95
2024-04-22,264.15,119.38,442.95,342.9,198.75
2024-04-23,277.35,120.49,440.95,347.15,199.65
2024-04-24,284.25,119.3,443.85,351.65,207.4
2024-04-25,287.15,118.47,452.45,359.2,208.0
2024-04-26,289.9,118.32,455.8,356.0,208.05
2024-04-29,288.8,119.22,453.25,363.0,209.55
2024-04-30,286.4,122.49,454.3,363.2,209.1
2024-05-02,288.85,121.62,453.9,369.05,205.05
2024-05-03,284.1,120.94,474.6,364.95,203.8
2024-05-06,276.3,117.81,460.6,356.8,197.8
2024-05-07,266.85,116.11,456.0,349.15,192.75
2024-05-08,269.95,116.13,464.45,355.45,201.15
2024-05-09,261.05,122.56,443.5,346.05,193.3
2024-05-10,261.05,120.62,449.4,355.5,192.55
2024-05-13,255.75,118.98,444.0,350.9,192.95
2024-05-14,273.95,125.61,448.7,355.8,200.05
2024-05-15,275.6,127.95,467.85,361.35,200.75
2024-05-16,280.25,128.07,468.3,361.45,195.45
2024-05-17,290.8,127.19,470.25,365.45,203.9
2024-05-18,299.7,126.94,469.7,366.3,208.75
2024-05-21,341.75,136.01,490.65,372.0,204.2
2024-05-22,341.4,138.29,501.7,373.85,200.75
2024-05-23,372.25,142.27,497.3,372.3,200.45
2024-05-24,370.5,141.4,501.0,374.95,204.45
2024-05-27,377.0,140.97,494.45,369.65,202.45
2024-05-28,373.55,135.78,487.65,365.4,200.5
2024-05-29,375.75,135.85,486.45,364.6,200.7
2024-05-30,382.8,139.68,482.15,359.7,199.4
2024-05-31,381.7,151.16,491.2,359.0,204.3
2024-06-03,404.55,174.9,512.35,391.8,230.8
2024-06-04,351.5,144.59,441.9,331.25,190.3
2024-06-05,353.3,145.33,460.55,341.0,195.15
2024-06-06,368.65,149.87,472.95,349.75,207.9
2024-06-07,374.55,153.41,479.15,360.6,212.7
2024-06-10,373.95,153.94,477.7,364.9,208.18
2024-06-11,389.4,152.57,476.35,367.4,212.86
2024-06-12,392.1,152.44,488.7,371.3,216.92
2024-06-13,390.15,150.76,487.9,369.95,219.83
2024-06-14,390.2,149.35,486.95,368.45,221.83
2024-06-18,396.1,149.63,489.05,369.65,222.26
2024-06-19,390.9,147.73,477.95,362.5,216.28
2024-06-20,387.3,148.67,483.15,357.65,218.6
2024-06-21,409.75,146.73,480.2,359.8,214.76
2024-06-24,416.6,147.69,473.7,362.75,212.65
2024-06-25,407.15,145.06,469.25,360.85,213.15
2024-06-26,409.1,143.98,468.75,365.05,213.43
2024-06-27,413.95,143.14,467.05,377.15,217.95
2024-06-28,416.6,143.72,473.15,378.35,219.55
2024-07-01,415.0,143.49,474.8,369.75,222.55
2024-07-02,411.0,142.12,479.1,370.4,221.67
2024-07-03,416.95,143.05,484.95,372.65,220.14
2024-07-04,418.75,142.45,489.55,372.95,219.16
2024-07-05,491.05,141.78,491.5,379.8,222.96
2024-07-08,565.9,139.61,493.3,377.45,230.49
2024-07-09,542.75,144.99,493.8,377.05,229.11
2024-07-10,609.95,145.51,490.75,381.4,229.23
2024-07-11,630.0,144.14,500.05,377.1,229.4
2024-07-12,626.75,141.99,496.2,377.15,228.71
2024-07-15,626.0,141.71,497.75,385.65,237.16
2024-07-16,620.15,142.49,512.45,380.45,233.41
2024-07-18,586.15,139.9,505.25,377.75,228.86
2024-07-19,613.75,138.9,488.0,364.65,219.76
2024-07-22,624.1,139.23,491.2,373.5,222.87
2024-07-23,590.3,139.48,487.0,382.45,219.79
2024-07-24,593.75,138.94,493.8,392.6,223.67
2024-07-25,575.7,139.04,494.0,392.15,228.4
2024-07-26,552.35,142.53,509.85,396.3,230.64
2024-07-29,606.3,143.28,512.15,393.9,231.87
2024-07-30,614.45,145.85,519.35,406.95,233.75
2024-07-31,601.5,146.89,522.2,416.0,240.97
2024-08-01,595.5,147.6,540.4,423.45,239.0
2024-08-02,589.8,145.27,524.5,419.7,237.01
2024-08-05,550.8,138.17,506.8,413.25,224.57
2024-08-06,546.05,137.88,499.6,415.0,223.4
2024-08-07,565.8,138.38,531.5,416.3,233.52
2024-08-08,538.45,138.31,523.45,407.7,227.31
2024-08-09,518.15,139.08,529.8,410.65,227.38
2024-08-12,575.85,138.3,523.95,400.85,231.9
2024-08-13,569.45,137.9,521.75,396.2,227.16
2024-08-14,554.1,134.81,504.7,396.35,226.66
2024-08-16,570.65,139.48,512.3,398.05,232.55
2024-08-19,573.5,139.4,522.0,403.1,238.93
2024-08-20,561.7,139.09,524.6,406.25,236.72
2024-08-21,563.9,139.03,532.2,408.95,236.15
2024-08-22,570.75,134.74,528.85,403.35,234.07
2024-08-23,572.7,135.16,538.85,401.95,229.47
2024-08-26,577.2,132.26,538.1,414.85,235.25
2024-08-27,576.1,130.82,531.4,409.65,236.52
2024-08-28,578.2,128.31,526.35,409.05,235.47
2024-08-29,579.8,128.86,527.55,409.9,231.91
2024-08-30,607.4,126.41,524.95,416.2,237.69
2024-09-02,601.2,134.04,520.85,410.0,234.06
2024-09-03,600.5,131.82,519.6,406.4,232.53
2024-09-04,592.7,130.17,503.65,405.1,229.97
2024-09-05,581.85,128.77,497.0,403.25,228.12
2024-09-06,569.55,126.94,488.55,394.8,222.82
2024-09-09,562.9,127.04,484.45,389.85,217.75
2024-09-10,565.4,127.41,491.1,396.3,219.93
2024-09-11,556.7,125.44,483.95,389.65,217.19
2024-09-12,552.0,130.22,495.65,404.85,220.64
2024-09-13,555.3,126.69,490.25,401.4,218.87
2024-09-16,545.3,133.19,493.25,411.1,217.83
2024-09-17,530.55,133.27,488.5,416.3,219.73
2024-09-18,528.6,130.34,487.1,414.15,217.94
2024-09-19,510.2,129.92,477.95,423.95,210.92
2024-09-20,544.25,133.03,490.95,423.95,212.16
2024-09-23,534.05,134.4,500.6,428.35,220.33
2024-09-24,526.25,135.05,504.3,428.1,222.68
2024-09-25,526.15,133.47,505.3,436.1,225.59
2024-09-26,521.85,133.07,506.55,434.6,230.57
2024-09-27,526.35,130.86,516.1,436.9,236.98
2024-09-30,531.45,131.23,510.15,443.2,240.29
2024-10-01,524.7,130.64,508.5,440.1,239.76
2024-10-03,509.5,128.95,502.35,435.35,240.3
2024-10-04,493.4,128.42,497.2,430.45,230.19
2024-10-07,451.7,125.09,480.45,415.45,223.94
2024-10-08,487.05,128.12,491.85,420.95,224.75
2024-10-09,480.85,126.86,486.95,418.45,222.56
2024-10-10,480.55,129.08,488.1,422.7,225.62
2024-10-11,475.4,128.46,492.95,422.5,229.4
2024-10-14,470.5,126.89,498.3,424.5,230.67
2024-10-15,474.2,126.78,494.45,426.6,231.23
2024-10-16,479.6,125.16,495.75,424.25,231.86
2024-10-17,489.6,121.82,489.9,417.75,222.02
2024-10-18,477.3,122.28,492.2,424.95,221.43
2024-10-21,465.65,120.72,485.4,425.0,219.65
2024-10-22,442.55,117.63,468.35,415.75,212.13
2024-10-23,442.15,117.57,474.1,408.3,211.47
2024-10-24,441.95,120.97,477.25,411.9,210.44
2024-10-25,419.75,118.46,461.1,398.9,206.08
2024-10-28,432.3,119.64,441.65,403.9,206.85
2024-10-29,438.9,118.46,445.55,412.15,205.12
2024-10-30,465.35,118.41,449.15,408.5,203.73
2024-10-31,471.8,118.54,452.05,408.15,199.99
2024-11-01,470.95,119.47,454.15,411.35,200.16
2024-11-04,446.2,117.0,443.3,400.95,196.19
2024-11-05,450.9,120.69,434.9,403.1,196.41
2024-11-06,469.65,123.26,435.8,408.9,208.92
2024-11-07,477.85,119.93,435.35,403.8,210.43
2024-11-08,447.95,117.8,424.05,397.65,204.17
2024-11-11,436.55,115.79,421.55,392.55,202.93
2024-11-12,437.7,111.59,414.05,380.3,194.15
2024-11-13,419.85,109.4,406.9,381.35,189.47
2024-11-14,419.5,109.82,409.75,372.5,188.89
2024-11-18,416.2,105.37,413.35,366.7,185.46
2024-11-19,432.15,104.82,412.25,366.7,186.68
2024-11-21,421.85,95.23,406.0,356.15,188.3
2024-11-22,420.2,92.09,414.05,365.45,192.61
2024-11-25,438.1,89.33,417.45,368.4,199.19
2024-11-26,434.0,87.53,411.5,361.65,193.97
2024-11-27,439.4,104.61,417.15,369.3,194.88
2024-11-28,443.35,112.2,415.2,362.05,196.7
2024-11-29,435.85,110.96,416.4,363.65,199.46
2024-12-02,437.05,109.78,421.7,358.2,198.54
2024-12-03,437.75,108.84,422.1,367.45,199.99
2024-12-04,441.25,107.51,416.65,372.75,206.73
2024-12-05,443.25,107.49,418.4,369.15,208.87
2024-12-06,464.7,107.22,417.15,369.5,210.41
2024-12-09,470.55,107.18,414.0,369.85,208.67
2024-12-10,458.6,105.36,414.05,369.15,207.54
2024-12-11,474.25,103.85,416.95,365.5,205.82
2024-12-12,471.5,107.97,409.1,355.6,205.22
2024-12-13,465.95,107.32,410.3,357.15,204.9
2024-12-16,469.9,105.98,410.45,352.9,203.82
2024-12-17,468.3,104.92,402.9,349.05,199.57
2024-12-18,457.45,104.23,395.8,341.75,193.54
2024-12-19,448.45,101.66,391.95,337.4,193.62
2024-12-20,433.25,99.58,382.0,333.25,192.42
2024-12-23,429.6,100.82,382.95,333.65,193.97
2024-12-24,428.55,99.2,384.5,335.3,198.06
2024-12-26,427.7,101.43,386.6,334.65,197.63
2024-12-27,425.55,101.35,380.5,335.0,192.5
2024-12-30,408.3,107.89,377.9,331.4,188.74
2024-12-31,422.7,105.89,384.15,333.35,190.98
2025-01-01,428.1,105.33,386.4,333.65,191.09
2025-01-02,429.55,104.36,392.95,338.0,191.1
2025-01-03,432.1,104.09,393.65,339.85,191.09
2025-01-06,410.45,99.66,378.75,327.5,184.67
2025-01-07,416.15,101.97,379.8,328.6,186.06
2025-01-08,417.4,100.99,380.35,325.4,190.58
2025-01-09,410.3,99.58,372.2,320.35,183.02
2025-01-10,393.3,96.46,368.5,308.25,179.58
2025-01-13,357.95,89.98,362.9,298.2,172.15
2025-01-14,376.75,107.4,369.25,310.4,175.96
2025-01-15,371.9,109.89,374.6,321.35,177.94
2025-01-16,411.15,112.6,378.85,325.5,180.52
2025-01-17,426.4,110.26,387.65,326.15,180.95
2025-01-20,431.6,108.76,387.05,336.05,182.06
2025-01-21,419.2,105.75,381.55,324.3,179.91
2025-01-22,408.0,105.09,379.2,322.4,176.46
2025-01-23,418.45,104.36,385.8,323.65,179.66
2025-01-24,410.1,102.97,383.05,323.65,175.84
2025-01-27,400.85,99.38,375.75,322.2,167.65
2025-01-28,407.65,99.44,370.65,318.25,166.13
2025-01-29,427.65,104.55,379.45,321.25,165.22
2025-01-30,436.9,101.76,385.05,323.0,167.11
2025-01-31,476.3,102.64,395.9,324.0,177.12
2025-02-01,433.55,102.86,385.3,317.7,175.6
2025-02-03,407.15,100.45,374.0,311.25,174.34
2025-02-04,400.1,101.27,376.55,319.1,178.0
2025-02-05,406.3,101.08,382.85,319.6,179.5
2025-02-06,403.05,100.69,379.6,312.8,178.41
2025-02-07,395.05,98.82,378.25,316.95,171.05
2025-02-10,381.45,98.28,370.5,310.5,168.1
2025-02-11,369.5,99.63,359.0,305.6,161.69
2025-02-12,371.65,100.35,360.35,306.25,159.76
2025-02-13,379.3,99.63,361.65,306.7,162.33
2025-02-14,359.9,97.73,354.2,300.35,162.29
2025-02-17,342.45,98.05,360.1,302.35,160.17
2025-02-18,333.35,96.95,361.1,311.2,164.07
2025-02-19,376.85,96.51,362.3,314.8,163.53
2025-02-20,381.55,96.86,367.95,325.15,167.14
2025-02-21,371.7,95.73,369.95,326.25,164.21
2025-02-24,364.15,94.02,364.8,320.1,164.58
2025-02-25,363.5,99.56,361.15,318.7,160.74
2025-02-27,350.05,99.45,363.85,315.7,159.37
2025-02-28,332.4,95.79,369.35,311.45,156.04
2025-03-03,323.6,96.63,360.35,314.4,154.05
2025-03-04,326.15,96.65,363.85,313.75,153.17
2025-03-05,336.25,101.11,368.25,326.2,158.95
2025-03-06,337.55,100.63,382.6,337.9,161.46
2025-03-07,341.5,101.23,380.65,329.55,158.14
2025-03-10,335.7,101.01,375.15,329.4,155.14
2025-03-11,330.65,102.03,379.05,330.3,156.78
2025-03-12,333.3,102.47,380.7,330.15,159.2
2025-03-13,329.35,102.4,378.3,331.9,157.96
2025-03-17,328.45,102.24,385.75,331.65,156.58
2025-03-18,333.15,103.23,389.3,337.35,163.0
2025-03-19,353.65,104.2,395.85,341.3,165.96
2025-03-20,357.9,103.93,396.4,341.75,168.46
2025-03-21,361.35,104.42,405.4,351.3,175.05
2025-03-24,371.55,104.79,406.0,366.95,181.28
2025-03-25,370.35,101.54,398.3,366.95,177.7
2025-03-26,362.2,99.57,394.8,354.65,174.07
2025-03-27,354.65,103.98,396.85,360.65,181.56
2025-03-28,351.85,101.86,398.2,357.6,183.04
2025-04-01,350.1,100.94,397.65,352.15,186.32
2025-04-02,358.55,102.71,397.5,351.75,184.06
2025-04-03,359.75,105.77,397.05,358.9,183.63
2025-04-04,350.3,106.51,385.05,350.4,176.61
2025-04-07,335.95,101.99,377.5,349.8,169.03
2025-04-08,344.35,102.71,382.85,352.95,172.57
2025-04-09,337.65,101.69,374.6,349.35,168.86
2025-04-11,346.3,103.65,392.1,360.1,171.71
2025-04-15,360.8,108.44,395.25,362.5,178.99
2025-04-16,367.05,109.11,399.25,359.3,184.7
2025-04-17,370.85,109.94,398.85,364.0,186.99
2025-04-21,375.05,113.81,400.5,364.55,195.32
2025-04-22,373.8,114.67,398.6,360.25,193.24
2025-04-23,373.9,115.88,398.95,363.8,193.5
2025-04-24,371.15,115.17,399.85,363.2,193.24
2025-04-25,361.2,109.87,393.15,356.45,186.74
2025-04-28,361.2,110.55,397.15,361.5,189.32
2025-04-29,360.45,109.73,389.1,356.95,189.6
2025-04-30,349.8,106.41,385.3,354.55,189.09
2025-05-02,352.2,105.04,384.4,348.45,189.54
2025-05-05,354.65,111.29,385.6,348.6,191.19
2025-05-06,341.55,107.21,378.25,341.8,186.41
2025-05-07,339.95,106.39,383.3,342.05,189.23
2025-05-08,331.45,104.04,385.45,340.0,184.27
2025-05-09,323.1,102.4,382.4,334.75,181.6
2025-05-12,359.45,109.31,395.5,348.55,187.8
2025-05-13,357.05,107.75,395.15,341.5,183.83
2025-05-14,372.8,107.96,403.1,338.55,185.93
2025-05-15,376.25,108.62,404.65,341.95,185.02
2025-05-16,409.6,113.1,404.8,343.1,186.28
2025-05-19,431.5,112.45,402.7,345.15,189.48
2025-05-20,415.05,111.24,408.1,342.6,191.1
2025-05-21,412.05,110.25,405.35,346.15,190.64
2025-05-22,404.9,110.74,398.85,341.4,192.61
2025-05-23,398.65,110.64,401.5,344.6,191.28
2025-05-26,412.05,111.72,402.7,343.5,193.15
2025-05-27,415.45,110.51,399.95,338.55,193.98
2025-05-28,416.15,110.14,398.2,340.05,194.34
2025-05-29,418.1,110.39,398.2,339.35,191.75
2025-05-30,405.55,108.76,397.3,333.9,189.8
2025-06-02,406.9,111.02,399.7,332.55,191.71
2025-06-03,403.75,108.92,392.85,328.25,191.91
2025-06-04,429.95,109.03,394.6,329.25,189.52
2025-06-05,429.6,109.53,394.9,328.65,190.62
2025-06-06,428.65,111.05,398.95,332.85,191.15
2025-06-09,431.75,112.62,401.0,337.1,193.64
2025-06-10,426.7,119.21,399.55,339.2,195.67
2025-06-11,427.8,117.41,402.1,338.1,200.09
2025-06-12,412.95,113.43,392.7,333.7,192.18
2025-06-13,407.0,114.18,391.2,331.95,191.34
2025-06-16,409.5,112.59,394.35,333.7,191.63
2025-06-17,400.65,111.64,391.3,335.2,190.47
2025-06-18,398.0,110.16,390.35,332.4,185.72
2025-06-19,381.95,107.3,384.25,330.05,180.41
2025-06-20,390.6,106.05,389.05,335.2,181.85
2025-06-23,391.4,107.6,392.5,332.6,184.76
2025-06-24,398.0,109.37,392.65,329.95,185.49
2025-06-25,399.4,111.4,391.75,330.85,183.98
2025-06-26,399.55,115.63,394.15,337.15,186.79
2025-06-27,395.05,116.87,394.15,338.3,191.02
2025-06-30,397.7,117.15,391.95,334.9,190.84
2025-07-01,395.85,118.28,389.75,332.6,189.62
2025-07-02,392.65,118.28,386.9,333.75,190.76
2025-07-03,390.65,117.58,386.45,334.6,192.74
2025-07-04,391.4,116.96,386.1,335.5,193.41
2025-07-07,389.45,119.43,384.25,337.45,193.15
2025-07-08,386.5,120.0,382.85,343.2,192.63
2025-07-09,385.1,120.43,387.45,344.0,185.03
2025-07-10,384.7,121.16,384.05,341.45,185.67
2025-07-11,381.65,120.79,380.95,342.7,181.89
2025-07-14,382.3,121.91,383.85,342.1,183.64
2025-07-15,383.15,121.62,386.45,342.0,184.71
2025-07-16,383.3,120.97,386.45,342.45,184.33
2025-07-17,381.45,119.73,385.9,342.65,185.29
2025-07-18,376.0,118.93,388.5,342.1,185.23
2025-07-21,378.2,119.32,386.8,341.55,184.12
2025-07-22,372.25,118.11,389.1,340.85,184.03
2025-07-23,373.7,117.79,390.75,343.05,186.39
2025-07-24,376.9,117.15,385.55,338.9,187.97
2025-07-25,365.6,114.0,380.8,333.2,183.51
2025-07-28,354.45,114.13,378.35,332.95,180.63
2025-07-29,359.5,118.51,383.65,334.6,182.98
2025-07-30,358.4,117.94,379.9,338.8,180.57
2025-07-31,348.15,117.62,376.35,334.25,177.68
2025-08-01,345.45,113.4,372.5,330.9,174.39
2025-08-04,353.0,116.8,374.7,332.0,174.54
2025-08-05,351.55,115.9,379.5,333.6,171.34
2025-08-06,346.0,113.49,376.85,332.1,169.91
2025-08-07,346.5,115.79,379.55,329.75,169.49
2025-08-08,336.6,115.38,379.7,334.75,171.15
2025-08-11,342.5,118.78,382.5,336.15,173.02
2025-08-12,329.45,118.3,385.35,340.1,174.3
2025-08-13,326.3,117.12,386.1,339.95,173.36
2025-08-14,324.1,116.81,384.45,339.35,173.93
2025-08-18,323.8,119.75,387.8,336.05,173.66
2025-08-19,327.75,121.2,385.35,335.05,174.89
2025-08-20,330.8,119.99,384.7,342.0,178.12
2025-08-21,328.65,119.24,378.15,338.8,177.77
2025-08-22,323.75,118.86,374.45,337.0,176.81
2025-08-25,321.65,121.13,380.0,337.85,175.9
2025-08-26,312.7,118.42,372.45,333.2,171.64
2025-08-28,308.65,118.99,374.3,330.8,171.22
2025-08-29,302.6,120.13,374.8,327.55,173.07
2025-09-01,315.7,121.37,377.9,330.7,175.94
2025-09-02,331.85,121.67,380.1,336.3,179.29
2025-09-03,334.6,121.86,389.8,334.25,178.02
2025-09-04,326.95,121.74,391.45,330.05,174.66
2025-09-05,329.4,121.94,392.65,328.7,173.97
2025-09-08,332.2,126.77,387.05,326.7,172.37
2025-09-09,332.4,128.73,387.95,324.1,172.96
2025-09-10,333.45,126.89,391.9,325.65,173.9
2025-09-11,335.15,124.93,393.35,331.05,179.01
2025-09-12,338.1,129.71,394.35,331.7,178.55
2025-09-15,347.25,128.83,394.75,331.1,179.93
2025-09-16,354.9,127.47,395.8,335.05,182.24
2025-09-17,360.8,126.1,399.75,336.4,181.6
2025-09-18,362.5,126.27,393.15,336.95,180.95
2025-09-19,363.45,141.88,394.5,338.65,181.65
2025-09-22,358.9,170.25,394.7,339.2,180.95
2025-09-23,357.6,162.35,394.05,343.0,178.66
2025-09-24,347.65,144.5,392.85,347.6,175.91
2025-09-25,346.55,149.0,392.5,340.5,174.42
2025-09-26,337.8,146.25,389.15,337.9,172.02
2025-09-29,341.65,146.65,388.3,340.95,176.49
2025-09-30,339.45,144.65,389.95,340.45,176.29
2025-10-01,344.4,152.51,388.5,340.25,174.56
2025-10-03,347.05,147.38,383.35,342.0,177.36
2025-10-06,346.6,151.99,381.9,339.1,176.62
2025-10-07,354.85,151.48,384.7,338.0,179.9
2025-10-08,346.55,148.78,382.1,333.8,177.52
2025-10-09,344.4,148.91,383.35,335.85,178.45
2025-10-10,342.0,149.7,384.5,339.7,179.21
2025-10-13,339.15,154.43,381.55,341.7,180.33
2025-10-14,333.05,154.9,380.95,336.65,175.37
2025-10-15,338.6,157.51,384.25,339.25,177.37
2025-10-16,336.05,157.37,387.6,341.5,179.17
2025-10-17,331.65,165.98,388.8,341.0,177.6
2025-10-20,329.0,170.3,390.6,341.95,178.42
2025-10-21,332.0,170.78,391.1,342.0,178.39
2025-10-23,329.95,165.26,392.65,342.65,180.08
2025-10-24,329.45,167.72,394.05,339.6,181.02
2025-10-27,330.0,162.96,396.7,341.75,180.17
2025-10-28,328.85,162.33,391.4,339.15,178.46
2025-10-29,332.75,162.1,382.0,347.5,184.64
2025-10-30,331.55,162.57,387.7,345.15,183.09
2025-10-31,328.8,157.85,388.65,336.95,182.76
2025-11-03,328.7,156.73,388.55,335.2,183.69
2025-11-04,325.8,158.39,377.55,330.6,181.62
2025-11-06,317.8,153.17,373.15,326.65,178.98
2025-11-07,318.0,151.48,376.0,326.1,180.47
2025-11-10,315.9,150.06,381.35,325.45,181.52
2025-11-11,317.75,151.17,382.8,326.65,182.34
2025-11-12,316.35,151.98,386.5,327.15,182.45
2025-11-13,314.3,151.85,383.2,326.95,183.67
2025-11-14,321.05,153.91,386.95,328.45,183.41
2025-11-17,327.0,153.28,387.85,330.2,185.3
2025-11-18,321.2,149.55,383.95,328.45,184.31
2025-11-19,320.15,151.61,379.05,326.6,184.05
2025-11-20,319.1,151.46,379.65,326.6,184.31
2025-11-21,314.0,149.12,378.2,326.65,182.99
2025-11-24,324.85,145.44,372.55,323.45,181.09
2025-11-25,322.9,146.84,370.05,323.7,180.22
2025-11-26,323.6,148.62,377.35,326.1,185.16
2025-11-27,324.55,148.13,378.05,327.35,183.8
2025-11-28,324.1,147.49,376.15,326.45,176.09
2025-12-01,321.65,147.34,379.65,327.1,175.41
2025-12-02,317.9,146.76,378.95,328.6,175.0
2025-12-03,311.65,144.97,375.25,322.95,170.27
2025-12-04,312.4,142.73,379.05,322.95,170.63
2025-12-05,310.85,143.78,379.95,323.3,169.98
2025-12-08,307.15,139.04,377.35,319.5,166.81
2025-12-09,312.7,141.8,379.35,319.85,167.89
2025-12-10,308.9,141.18,382.15,321.6,168.02
2025-12-11,311.9,140.58,384.0,322.6,168.95
2025-12-12,313.9,144.49,383.35,325.05,170.71
2025-12-15,313.15,144.38,384.45,323.95,169.86
2025-12-16,309.4,145.33,381.6,321.0,168.32
2025-12-17,307.25,143.0,384.75,321.25,169.07
2025-12-18,305.95,141.3,385.3,318.5,167.55
2025-12-19,319.15,141.76,385.6,319.9,169.76
2025-12-22,332.5,143.25,386.25,320.7,171.72
2025-12-23,341.85,144.3,400.4,323.25,172.04
2025-12-24,345.7,143.16,402.35,322.55,171.0
2025-12-26,387.95,142.19,402.15,324.1,171.02
2025-12-29,367.6,140.44,400.65,325.5,170.42
2025-12-30,360.35,144.65,398.0,324.9,170.63
2025-12-31,357.25,142.99,399.0,329.55,172.16
2026-01-01,361.5,148.76,400.45,336.3,171.77
2026-01-02,365.85,148.17,427.9,352.1,175.38
2026-01-05,361.0,146.2,427.45,350.6,173.05
2026-01-06,358.3,147.55,427.05,350.8,169.39
2026-01-07,357.4,146.37,431.65,348.85,168.48
2026-01-08,342.55,142.89,425.25,344.4,163.53
2026-01-09,332.2,141.68,418.35,336.0,164.36
2026-01-12,331.65,142.54,432.3,337.45,166.55
2026-01-13,330.2,143.38,428.9,337.9,165.26
2026-01-14,338.3,142.77,432.2,349.1,165.17
2026-01-16,335.15,142.63,431.0,346.35,164.24
2026-01-19,331.3,140.56,430.15,343.35,164.72
2026-01-20,320.3,137.48,415.3,338.75,161.21
2026-01-21,317.1,137.63,414.05,338.7,162.68
2026-01-22,329.0,140.92,423.2,342.45,163.57
2026-01-23,325.15,132.96,418.4,336.7,160.81
2026-01-27,323.9,134.5,422.9,344.7,159.98
2026-01-28,342.5,134.72,444.05,348.05,168.14
2026-01-29,341.45,133.88,455.75,358.15,167.38
2026-01-30,343.4,135.38,440.75,356.0,167.29
2026-02-01,326.55,132.85,419.55,344.75,162.42
2026-02-02,322.8,134.6,423.5,350.35,160.39
2026-02-03,324.65,143.62,429.4,358.55,162.8
2026-02-04,321.0,155.29,434.9,367.25,165.41
2026-02-05,316.6,153.45,431.85,367.0,160.18
2026-02-06,314.1,152.74,432.8,365.05,162.99
2026-02-09,317.25,151.37,431.7,361.9,163.64
2026-02-10,319.45,149.05,430.95,366.9,164.55
2026-02-11,316.55,150.91,423.25,368.45,163.47
2026-02-12,313.7,149.79,419.15,368.25,163.72
2026-02-13,308.95,139.9,408.95,363.0,161.69
2026-02-16,309.65,142.77,422.5,369.1,164.82
2026-02-17,308.75,144.35,421.55,368.4,165.75
2026-02-18,309.65,144.49,418.0,368.4,167.31
2026-02-19,306.85,140.45,416.15,363.2,166.88
2026-02-20,312.1,142.7,423.55,372.95,168.47
2026-02-23,319.2,144.05,426.0,375.45,167.13
2026-02-24,321.65,144.31,430.95,382.75,167.86
2026-02-25,317.6,140.54,438.6,384.9,170.0
2026-02-26,318.3,141.34,433.5,381.9,169.96
2026-02-27,316.35,140.11,430.65,381.9,169.53
2026-03-02,299.45,137.97,426.25,377.55,165.07
2026-03-04,282.05,137.82,435.15,365.8,154.61
2026-03-05,279.25,140.11,449.4,378.05,154.61
